Date,symbol,open,high,low,close,volume,change,rsi,20d_sma,20d_std,bollinger_upper,bollinger_lower,12d_ema,26d_ema,macd,macd_signal,14d_high,14d_low,%K,%D,true_range,atr,obv
2022-04-25 00:00:00-04:00,aapl,160.14984919132883,162.1875086347889,157.505877278764,161.89926147460938,96046400,1.0923596195151892,25.928221642751637,169.40877227783204,5.241652422170716,179.89207712217348,158.9254674334906,165.62382408238668,167.41871640021415,-1.7948923178274754,-1.3541867029637917,177.22641707321185,157.505877278764,22.278214702227896,14.362317954660893,4.681631356024923,4.333036968320796,-401803100
2022-04-26 00:00:00-04:00,aapl,161.27306222870766,161.36251668171838,155.77636061232414,155.8558807373047,95623200,-3.359011986589957,23.92919498994192,168.47443161010742,5.9022179079796055,180.27886742606663,156.6699957941482,164.07466197860649,166.34987945175962,-2.275217473153134,-1.540107675298961,172.58454451849315,155.77636061232414,0.47310361086281005,8.152721413035023,6.122900862285235,4.484973068341934,-497426300
2022-04-27 00:00:00-04:00,aapl,154.9712286935918,158.8278558838292,154.44442117576412,155.62725830078125,88063200,0.42332348573331025,26.17114162816877,167.3616729736328,6.128716366509346,179.6191057066515,155.1042402406141,162.74126706119608,165.37658247984564,-2.6353154186495544,-1.7607774797319482,172.31615564710734,154.44442117576412,6.618479739130937,9.78993268407388,4.383434708065067,4.448053997190671,-585489500
2022-04-28 00:00:00-04:00,aapl,158.2911271875648,163.5293998190946,157.97304668484037,162.65469360351562,130216800,2.756671516262742,39.04076700637523,166.6594268798828,5.79817400822626,178.2557748963353,155.0630788634303,162.72765617650109,165.13357282276857,-2.4059166462674852,-1.890571481594145,170.7456681863017,154.44442117576412,50.36591631575271,19.152499888582152,7.902141518313357,4.7632883962874315,-455272700
2022-04-29 00:00:00-04:00,aapl,160.86550237392746,165.1992499295719,156.3031439736734,156.7007293701172,131747600,-2.588978334291567,35.440074973660046,165.8165313720703,5.965359119076945,177.7472496102242,153.8858131339164,161.78330026383034,164.39196700642165,-2.6086667425913106,-2.0348719736004903,170.49718587075395,154.44442117576412,14.055573835560399,23.67998996348135,8.896105955898491,5.189988880937095,-587020300
2022-05-02 00:00:00-04:00,aapl,155.76640725218522,157.27724394147694,152.34711813036822,157.00888061523438,123055300,0.797651679182404,39.93282612361501,165.0039535522461,6.004743762395535,177.01344107703716,152.99446602745502,161.03732007338837,163.75156097053124,-2.714240897142872,-2.171261021563953,170.49718587075395,152.34711813036822,25.68454592868139,30.03534535999817,4.930125811108724,5.216257298566695,-463965000
2022-05-03 00:00:00-04:00,aapl,157.19773603328576,159.7423344186147,155.37876823541308,158.5197296142578,88966500,0.840974949341588,39.32113199712376,164.06166152954103,5.412263450301878,174.88618843014478,153.23713462893727,160.6449000655739,163.30342977968348,-2.6585297141095907,-2.2690101888033847,170.49718587075395,152.34711813036822,34.00875176986206,24.582957178034615,4.363566183201613,5.2354253248526295,-374998500
2022-05-04 00:00:00-04:00,aapl,158.70858413730792,165.4775769530988,158.30104921245848,165.02035522460938,108256500,3.9769563326459867,44.79813364507314,163.61238327026368,4.891201054122233,173.39478537850815,153.8299811620192,161.32552944337408,163.44880900493237,-2.1232795615582916,-2.239793421545759,170.49718587075395,152.34711813036822,69.82473716085326,43.172678286465576,7.176527740640324,5.444871729295962,-266742000
2022-05-05 00:00:00-04:00,aapl,162.8634210356393,163.09203189688594,154.01700123532146,155.8260498046875,130525300,-4.321026284601882,40.787213098970994,162.86391677856446,4.879498558737679,172.62291389603982,153.1049196610891,160.4715114865934,162.8101283208639,-2.338616834270482,-2.2595964086385463,170.49718587075395,152.34711813036822,19.16759608879205,41.000361673169124,11.003353989287916,5.788504226604273,-397267300
2022-05-06 00:00:00-04:00,aapl,155.29845587683994,158.7128200499041,153.47680041487448,156.5626678466797,116124600,0.8140531486303622,41.917521122987544,162.1368751525879,4.665798444647653,171.4684720418832,152.8052782632926,159.86538005799983,162.2917132695778,-2.426333211577969,-2.2929954517423456,170.49718587075395,152.34711813036822,23.226082550267552,37.40613859997095,5.236019635029635,5.947380313859379,-281142700
2022-05-09 00:00:00-04:00,aapl,154.22339130095347,155.11929571384945,150.79909313781306,151.36648559570312,131577900,-1.8524464292678788,34.779553647994376,161.2519073486328,4.952145634155192,171.1561986169432,151.34761608032244,158.54909123326192,161.3931392571316,-2.844048023869675,-2.4033425692828345,170.49718587075395,150.79909313781306,2.8804436327036957,15.091374090587761,5.763574708866628,6.081459858675879,-412720600
2022-05-10 00:00:00-04:00,aapl,154.8107011158029,156.02513809593762,152.23250216927008,153.8052978515625,115366700,-0.6494404178741771,37.97418785489187,160.70457382202147,5.14608316673825,170.99674015549797,150.41240748854497,157.8151407185854,160.77411694345827,-2.958976224872856,-2.5145794640855765,170.49718587075395,150.79909313781306,15.261399946210016,13.789308709727083,4.658652500234496,6.21684505059189,-297353900
2022-05-11 00:00:00-04:00,aapl,152.79992279990134,154.7410262732007,145.1449926410875,145.83184814453125,142689800,-4.560260586319215,33.344578857290415,159.66364135742188,5.926454610482111,171.5165505783861,147.81073213645766,155.96272406059865,159.56419698242095,-3.6014729218223067,-2.732130517334942,166.85920362198345,145.1449926410875,3.1631612313615434,7.101668270091746,9.596033632113205,6.503264873034234,-440043700
2022-05-12 00:00:00-04:00,aapl,142.11885420628667,145.53320326022177,138.16695949591633,141.90980529785156,182602000,-0.14709442290582467,33.734779382768494,158.29043350219726,6.690640691976988,171.67171488615122,144.9091521182433,153.79197791163728,158.14446296681098,-4.352485055173702,-3.056406959515979,165.4775769530988,138.16695949591633,13.704727869310378,10.709763015627308,7.6648886486149195,6.598496946406038,-622645700
2022-05-13 00:00:00-04:00,aapl,143.93054544384205,147.42454663946438,142.45729973034568,146.43905639648438,113990900,1.7428621179102533,37.443731011307584,157.39764862060548,7.029976274344353,171.45760116929418,143.33769607191678,152.65688388284318,157.20906972798517,-4.552185845141992,-3.355714503596344,165.4775769530988,138.16695949591633,30.2889413376941,15.718943479455339,5.514741341612819,6.658004802519459,-508654800
2022-05-16 00:00:00-04:00,aapl,144.88618481663863,146.84720133994506,143.52242272544947,144.876220703125,86643800,-0.006877200560041308,40.382747826049766,156.43765563964843,7.3725798475740065,171.18281533479643,141.69249594450042,151.45639072036215,156.22925610977498,-4.772865389412829,-3.639259700356077,165.4775769530988,138.16695949591633,24.56649403012376,22.85338774570941,3.3247786144955853,6.458138927677341,-595298600
2022-05-17 00:00:00-04:00,aapl,148.18106970020872,149.08692295514348,146.0110044954857,148.55934143066406,78336300,0.25527669034960804,44.16237858846926,155.54601974487304,7.18119301484389,169.9084057745608,141.18363371518527,151.00959868185674,155.62315762043596,-4.613558938579217,-3.834182804164428,165.4775769530988,138.16695949591633,38.05253378485816,30.969323050892,4.2107022520184785,6.445800895102585,-516962300
2022-05-18 00:00:00-04:00,aapl,146.1802624584296,146.68793101657104,139.26194740029496,140.17776489257812,109742900,-4.106229845878448,31.841751024372925,154.2437545776367,7.497673781674671,169.23910214098606,139.24840701428735,149.33970878729366,154.40862914866779,-5.068920361374126,-4.081194443494314,165.4775769530988,138.16695949591633,7.362724038789422,23.327250617923777,9.297394030369105,6.545461788820853,-626705200
2022-05-19 00:00:00-04:00,aapl,139.24203158314157,141.01391203490772,135.97699242331208,136.72357177734375,136095600,-1.8086922297553831,33.18194955958086,152.80903549194335,7.97698280083104,168.76300109360542,136.85506989028127,147.39536173781727,153.02429957903573,-5.628937841218459,-4.390807427140037,165.4775769530988,135.97699242331208,2.5307273260224594,15.98199504989001,5.036919611595636,6.269805621370649,-762800800
2022-05-20 00:00:00-04:00,aapl,138.4556220425916,140.0582796158484,132.00518086844554,136.96246337890625,137426100,-1.0784384495604227,33.10393911583384,151.61636810302736,8.483944957072781,168.5842580171729,134.6484781888818,145.78792000096547,151.7722923904408,-5.98437238947534,-4.7095733836862905,165.4775769530988,132.00518086844554,14.810061693592278,8.234504352801384,8.053098747402856,6.49287511682023,-625374700
2022-05-23 00:00:00-04:00,aapl,137.1615620217672,142.60661571397983,137.0222011399766,142.45730590820312,117726300,3.8609533227650963,37.31381380621379,150.64427032470704,8.356592610323025,167.35745554535308,133.931085104061,145.27487495447977,151.0489995471295,-5.774124592649741,-4.922511929866676,165.4775769530988,132.00518086844554,31.22610348337081,16.188964167661847,5.644152335073585,6.584345556239656,-507648400
2022-05-24 00:00:00-04:00,aapl,140.16779324110706,141.32250637432628,136.70366903064638,139.7198486328125,104132700,-0.31957741356749414,28.754630664171003,149.83746871948242,8.60227537417307,167.04201946782857,132.63291797113627,144.4193484183622,150.17244327254167,-5.753094854179466,-5.088646181153064,163.09203189688594,132.00518086844554,24.816498002030027,23.617554392997704,5.753636877556744,6.482710494590829,-611781100
2022-05-25 00:00:00-04:00,aapl,137.79864041261953,141.143316713921,137.70905453051603,139.87911987304688,92482700,1.5097967978476599,34.21363161787097,149.0500617980957,8.763652644524129,166.57736708714395,131.52275650904744,143.720224490059,149.37864847031983,-5.658423980260835,-5.20261143606629,158.7128200499041,132.00518086844554,29.481973120513466,28.508191535304764,3.434262183404968,5.942061079884904,-519298400
2022-05-26 00:00:00-04:00,aapl,136.7633816201135,143.68168054371543,136.51452183732786,143.12423706054688,90601500,4.650993098504879,37.326310790683614,148.07353897094725,8.240426666980827,164.5543923049089,131.5926856369856,143.6284644576672,148.89778767955565,-5.269323221888442,-5.2159547013262975,156.02513809593762,132.00518086844554,46.29090754322828,33.529792888590585,7.167158706387568,6.079999584981899,-428696900
2022-05-27 00:00:00-04:00,aapl,144.7269029809294,148.99733041553594,144.5974910259061,148.95751953125,90978500,2.9231721699165156,47.75509786200067,147.6863784790039,7.991914150337446,163.6702067796788,131.702550178329,144.4488460551773,148.90236720534244,-4.45352115016513,-5.063459688475837,156.02513809593762,132.00518086844554,70.57605682745195,48.78297916373123,5.8730933549890665,6.087822345419217,-337718400
2022-05-31 00:00:00-04:00,aapl,148.3901252768099,149.97286992145263,146.17028497781413,148.16116333007812,103718400,-0.15429729323609767,44.5741671600211,147.2439926147461,7.6878078918498955,162.6196083984459,131.8683768310463,145.0202823800303,148.84568756151617,-3.825405181485877,-4.815838001632252,154.7410262732007,132.00518086844554,71.05951933616504,62.642161235615085,3.802584943638493,6.026674662805216,-441436800
2022-06-01 00:00:00-04:00,aapl,149.21632867736875,151.04794833287008,147.00645245788502,148.03176879882812,74286600,-0.7938540567512866,52.490421720670085,146.7195945739746,7.221764960642648,161.1631244952599,132.2760646526893,145.4838011581051,148.78359617970335,-3.299795021598243,-4.5126188399797265,151.04794833287008,132.00518086844554,84.1610231302948,75.26553309797059,4.04149587498506,5.629921965867491,-515723400
2022-06-02 00:00:00-04:00,aapl,147.15578107392005,150.58009440606662,146.1902038195928,150.52037048339844,72348100,2.2864133402875053,60.07456184827117,145.99459533691407,5.893526658594071,157.7816486541022,134.20754201972593,146.25895963141863,148.91579685414678,-2.656837222728143,-4.14145216991274,151.04794833287008,132.00518086844554,97.22951062413982,84.15001769686656,4.389890586473825,5.395993532857413,-443375300
2022-06-03 00:00:00-04:00,aapl,146.23000604486705,147.29513323335976,143.80114726142193,144.71694946289062,88570300,-1.0347100591052323,48.043432131400365,145.43914031982422,5.422874308465668,156.28488893675555,134.5933917028929,146.02164915573343,148.59683893104003,-2.5751897753065975,-3.8281927050720053,151.04794833287008,132.00518086844554,66.75378785249075,82.71477386897512,6.719223221976506,5.482027952883391,-531945600
2022-06-06 00:00:00-04:00,aapl,146.35942048155937,147.8924053148773,144.2391301812154,145.47348022460938,71598400,-0.6053182323590971,50.69123968226498,144.8846809387207,4.750975301675044,154.38663154207077,135.3827303353706,145.9372919701512,148.3600259517103,-2.422733981559105,-3.5470959454356548,151.04794833287008,132.00518086844554,70.72658625551746,78.23662824404934,3.653275133661907,5.5054919899667,-460347200
2022-06-07 00:00:00-04:00,aapl,143.6916533178561,148.32043948101446,143.44279352006913,148.03176879882812,67808200,3.0204367343254024,49.37309003243069,144.71794509887695,4.566456149884767,153.8508573986465,135.5850327991074,146.2595951601542,148.33518087959123,-2.0755857194370435,-3.252789699756831,151.04794833287008,132.00518086844554,84.1610231302948,73.880465746101,4.87764596094533,5.553130826318617,-392539000
2022-06-08 00:00:00-04:00,aapl,147.90235419449328,149.18646404482885,146.78746718091847,147.28518676757812,53950200,-0.4172803267915379,60.317888575522126,144.39193954467774,4.0916028960092055,152.57514533669615,136.20873375265933,146.41740996647528,148.25583714358112,-1.8384271771058422,-2.9699139653567195,151.04794833287008,132.00518086844554,80.24046886923607,78.37602608501611,2.3989968639103836,5.060388171571566,-446489200
2022-06-09 00:00:00-04:00,aapl,146.4092089443991,147.27523624455662,141.87995725002085,141.9894561767578,69473000,-3.0187669201325624,57.2565292046362,144.19981994628907,4.110599019412383,152.42101798511385,135.9786219074643,145.7360712984408,147.78301786770686,-2.046946569266055,-2.785318799975234,151.04794833287008,132.00518086844554,52.430799918996925,72.27743063950926,5.405229517557274,5.086696021997398,-515962200
2022-06-10 00:00:00-04:00,aapl,139.64020493262163,140.11801147912576,136.43488960431387,136.50457763671875,91437900,-2.2455046506239826,49.4487256833428,143.92955856323243,4.434050212657523,152.79765898854748,135.06145813791738,144.31563862617114,146.93319417788229,-2.617555551711149,-2.751765905134363,151.04794833287008,136.43488960431387,0.4768887451926957,44.38271917780856,5.554566572443946,4.9082294380717615,-607400100
2022-06-13 00:00:00-04:00,aapl,132.26400907785327,134.5833843669261,130.8405382326562,131.27853393554688,122207100,-0.7450818625392854,36.45357123574098,143.17153244018556,5.210384353788004,153.59230114776156,132.75076373260956,142.30968778340198,145.7551273592073,-3.445439575805324,-2.8905014503174606,151.04794833287008,130.8405382326562,2.1675004402768003,18.35839636815547,5.6640394040625495,4.909649942999544,-729607200
2022-06-14 00:00:00-04:00,aapl,132.52283335236774,133.27936172076065,130.88034946222848,132.15451049804688,84784300,-0.2779316175209779,40.39918918207154,142.53544692993165,5.740854108664544,154.01715514726075,131.05373871260255,140.74719303294498,144.73283997921448,-3.9856469462694974,-3.109531573869097,151.04794833287008,130.8405382326562,6.502427866185421,3.0489390172183057,2.399012258532167,4.670033898783503,-644822900
2022-06-15 00:00:00-04:00,aapl,133.6775168702502,136.71360931786054,131.55724180781743,134.81231689453125,91533000,0.8489086653086965,43.9534085893217,141.848095703125,5.8042684404639,153.4566325840528,130.2395588221972,139.83405615250183,143.98797846505124,-4.153922312549412,-3.318410503114016,151.04794833287008,130.8405382326562,19.65506040693959,9.44166290446727,5.156367510043111,4.793041422114799,-553289900
2022-06-16 00:00:00-04:00,aapl,131.47761894558542,131.78620268512068,128.45147509701238,129.46682739257812,108123900,-1.5293793492255892,34.47964576112598,141.312548828125,6.427206568892099,154.1669619659092,128.45813569034078,138.23898109512245,142.89878730952134,-4.659806214398884,-3.5866904483745445,151.04794833287008,128.45147509701238,4.4934104759078695,10.216966249677627,6.360841797518873,4.735447357195606,-661413800
2022-06-17 00:00:00-04:00,aapl,129.4767966239518,132.4730634391705,129.2179726857002,130.95999145507812,134520300,1.1455294460474406,27.309233702853817,141.0243698120117,6.764172226121575,154.55271426425486,127.49602535976857,137.1190671532527,142.0041262850203,-4.885059131767605,-3.846364806849713,151.04794833287008,128.45147509701238,11.101362287301784,11.749944390049748,3.2550907534702844,4.548447171372836,-526893500
2022-06-21 00:00:00-04:00,aapl,132.8114824272878,136.43488013084254,132.7119476311587,135.25030517578125,81000500,1.8363041387092813,35.04033204810143,140.93876190185546,6.828811472663734,154.59638484718292,127.281138956528,136.83155023845538,141.4984497329453,-4.666899494489911,-4.010472058744793,151.04794833287008,128.45147509701238,30.08801421267812,15.22759565862926,5.474888675764419,4.667897437953259,-445893000
2022-06-22 00:00:00-04:00,aapl,134.175253039707,137.13170889819304,133.29927680736893,134.7327117919922,73409200,0.415470617461936,34.727918513106005,140.55253219604492,6.9556726974554,154.46387759095572,126.64118680113413,136.50863769256316,140.9922851519255,-4.483647459362345,-4.105107283896364,150.58009440606662,128.45147509701238,28.38512700342652,23.19150116780214,3.8324320908241134,4.652964310513192,-519302200
2022-06-23 00:00:00-04:00,aapl,136.19600516670138,137.95792169898027,135.01143003161832,137.63938903808594,72433800,1.0597842936860589,35.34870094527197,140.4485092163086,6.984278949124257,154.4170671145571,126.47995131806007,136.68260596751972,140.74163041231785,-4.059024444798126,-4.095890704777223,149.18646404482885,128.45147509701238,44.31115909536622,34.26143343715695,3.225209906988084,4.569772833407067,-446868400
2022-06-24 00:00:00-04:00,aapl,139.26194843016594,141.26279109304497,139.13255165313248,141.01393127441406,89116800,1.2580484935026346,45.5417140484663,140.50524978637696,6.9840193689750825,154.47328852432713,126.5372110484268,137.34898487017077,140.76197308702208,-3.4129882168513177,-3.959310073234148,149.18646404482885,128.45147509701238,60.58578670583083,44.42735760154119,3.62340205495903,4.348642750048676,-357751600
2022-06-27 00:00:00-04:00,aapl,142.0491814366715,142.83558696949592,140.32707574472116,141.01393127441406,70207900,-0.7287969925535706,44.531259063547274,140.3997344970703,6.95826277989217,154.31626005685465,126.48320893728598,137.9128379306537,140.7807841307428,-2.867946200089108,-3.7410371273399536,149.18646404482885,128.45147509701238,60.58578670583083,55.16091083567596,2.5085112247747645,4.266873899413881,-357751600
2022-06-28 00:00:00-04:00,aapl,141.48176806665572,142.76587785801658,136.69370829316003,136.8131561279297,67083400,-3.2997975658082863,36.775361210930356,139.7925163269043,6.697150136044845,153.18681659899397,126.3982160548146,137.74365226786176,140.48473673802567,-2.741084470163912,-3.5410464703685753,149.18646404482885,128.45147509701238,40.32643109654441,53.83266816940202,6.0721695648565515,4.352197013978968,-424835000
2022-06-29 00:00:00-04:00,aapl,136.83308470100044,140.0284361574898,136.04667919494787,138.59500122070312,66242400,1.287639260309534,39.99997892958056,139.31420822143554,6.4031603867912965,152.12052899501813,126.50788744785294,137.87463154988785,140.34380910674764,-2.4691775568597905,-3.3266725800150807,147.27523624455662,128.45147509701238,53.886819133455035,51.599678978610086,3.9817569625419367,4.465251306738365,-358592600
2022-06-30 00:00:00-04:00,aapl,136.62401705698673,137.73890399319342,133.15989322720503,136.096435546875,98964500,-0.38615575905052824,42.75216672127806,138.7174415588379,6.096782522529373,150.91100660389662,126.52387651377914,137.60105848025407,140.02721855334033,-2.4261600730862654,-3.1465700062758986,142.83558696949592,128.45147509701238,53.14864426553332,49.120631498510924,5.435107993498093,4.46738548359128,-457557100
2022-07-01 00:00:00-04:00,aapl,135.41953761567962,138.4058551171261,135.04128106081654,138.29635620117188,71051600,2.1243748399560074,52.39743143720937,138.10624084472656,5.427227851233958,148.96069654719446,127.25178514225864,137.70802883395837,139.89826342771588,-2.190234593757509,-2.955302862301331,142.83558696949592,128.45147509701238,68.44274565878841,58.49273635259226,3.36457405630955,4.3109574467245375,-386505500
2022-07-05 00:00:00-04:00,aapl,137.14165987257712,140.96414267254468,136.30547941886212,140.91436767578125,73353800,2.750956789285966,63.860248736214245,137.9161117553711,5.247066184207482,148.41024412378607,127.42197938695614,138.2013174825403,139.97393415907544,-1.7726166765351365,-2.718765564331967,142.83558696949592,128.45147509701238,86.64346251790549,69.41161748074241,4.658663253682562,4.239144864554539,-313151700
2022-07-06 00:00:00-04:00,aapl,140.7053264307131,143.46268187145327,140.436553613919,142.26815795898438,74064300,1.110712414317071,64.35028297515794,137.75584564208984,5.049310274549971,147.85446619118977,127.65722509298989,138.82699141909714,140.14472041276787,-1.3177289936707268,-2.4385581925644053,143.46268187145327,128.45147509701238,92.04245247955166,82.37622021874851,3.026128257534282,4.283938864483261,-239087400
2022-07-07 00:00:00-04:00,aapl,142.63646907774867,145.8816104268671,142.6265201543622,145.68252563476562,66253700,2.13553839120667,65.09958575175966,137.6383834838867,4.81978850014104,147.2779604841688,127.99880648360464,139.8816977928095,140.5568132976081,-0.6751155047986117,-2.0858695969761776,145.8816104268671,128.45147509701238,98.8578127000513,92.51457589916947,3.6134524678827233,4.17373064718609,-172833700
2022-07-08 00:00:00-04:00,aapl,144.59748899170543,146.87705320681815,144.33868027449634,146.36936950683594,64547800,1.2253881637129573,76.96949304730133,137.59259262084962,4.726767170574998,147.04612696199962,128.1390582796996,140.87980818167745,140.98920444609914,-0.10939626442169015,-1.6905748784285393,146.87705320681815,129.2179726857002,97.12508417765531,96.00844978575276,2.5383729323218063,3.9006971568148714,-108285900
2022-07-11 00:00:00-04:00,aapl,145.0056133591971,145.9711905112205,143.12423404849903,144.20925903320312,63141600,-0.5491886193545518,70.69980909442864,137.70358276367188,4.859638923443555,147.42286061055898,127.98430491678477,141.3920344502555,141.22866613797163,0.16336831228386473,-1.319786201237453,146.87705320681815,132.7119476311587,81.16643635752907,92.3831110784119,3.245135458336904,3.8999860643053443,-171427500
2022-07-12 00:00:00-04:00,aapl,145.09521318732263,147.7729470815288,144.3884598570671,145.19476318359375,77588800,0.06861011751131989,67.32571666769459,138.13809204101562,5.127890319287,148.39387267958963,127.88231140244163,141.97707259791343,141.52352182293365,0.4535507749797887,-0.9651187761133332,147.7729470815288,133.15989322720503,82.35698079513882,86.8828337767744,3.563688048325673,3.763471733774005,-93838700
2022-07-13 00:00:00-04:00,aapl,142.33784867312522,145.7820596055233,141.4718062891649,144.82644653320312,71185600,1.7483739450024258,67.67774538282902,138.81548767089845,5.068546843702288,148.95258135830304,128.67839398349386,142.4154396941042,141.76900832254745,0.6464313715567584,-0.6428087248556604,147.7729470815288,133.15989322720503,79.83651755684285,81.11997823650358,4.3102533163583985,3.7976018213121683,-165024300
2022-07-14 00:00:00-04:00,aapl,143.42288437822964,148.2706685102283,142.5966680044357,147.79286193847656,78140700,3.0469179163365423,67.74523713011754,139.59740524291993,5.191642601251645,149.98069044542322,129.21412004041665,143.24273841876968,142.21661322138763,1.0261251973820436,-0.3090219224103709,148.2706685102283,133.15989322720503,96.83797447316593,86.3438242750492,5.674000505792577,3.972515435512489,-86883600
2022-07-15 00:00:00-04:00,aapl,149.0968715103857,150.1719475922931,147.52407586403203,149.48509216308594,76259900,0.2603814880670949,65.73004100488023,140.33104400634767,5.507003533820645,151.34505107398897,129.31703693870637,144.20310347489362,142.75657560103576,1.4465278738578604,0.04208805198872511,150.1719475922931,133.15989322720503,95.96253683143223,90.87900962048035,2.647871728261066,3.902834697891206,-10623700
2022-07-18 00:00:00-04:00,aapl,150.05250615183553,150.8787224867289,146.03092339378097,146.3992462158203,81420900,-2.4346543951212296,58.971773886040076,141.17766494750975,5.029759885304799,151.23718471811935,131.11814517690016,144.54097246456544,143.0271251878319,1.513847276733543,0.3364399070953978,150.8787224867289,133.15989322720503,74.71911825945915,89.17320985468577,4.847799092947923,4.069926688475003,-92044600
2022-07-19 00:00:00-04:00,aapl,147.24537039473992,150.54027184521294,146.2399822315664,150.3113250732422,82982400,2.082207861804388,72.70595929531177,142.14523162841797,4.817568701211628,151.78036903084123,132.51009422599472,145.42872096662077,143.56803236010347,1.8606886065173,0.6412896553957608,150.8787224867289,133.15989322720503,96.79777142622599,89.15980883903914,4.300289613646555,3.9433638348171463,-9062200
2022-07-20 00:00:00-04:00,aapl,150.43076903149228,153.01891706137496,149.68418962162576,152.34201049804688,64823400,1.27051232860113,72.93256087441264,142.99981689453125,5.040876931931302,153.08157075839387,132.91806303066863,146.49230594510263,144.21944733505018,2.2728586100524524,0.9676034535339313,153.01891706137496,133.15989322720503,96.59144090373975,89.3694435298083,3.3347274397492015,3.8971474403319513,55761200
2022-07-21 00:00:00-04:00,aapl,153.7953501309987,154.86047732239646,151.2470283131448,154.6414794921875,65086600,0.5501657627932682,81.14344607178403,143.99525527954103,5.282362381742357,154.55998004302575,133.4305305160563,147.7460269209013,144.99308894512606,2.7529379757752395,1.3246703642910191,154.86047732239646,135.04128106081654,98.89502163801922,97.42807798932832,3.613449009251667,3.7670289414572062,120847800
2022-07-22 00:00:00-04:00,aapl,154.6812962845666,155.56723656273138,152.71033092658584,153.38722229003906,66675400,-0.8366066393359115,76.17403998481952,144.78264694213868,5.4559286456851,155.6945042335089,133.87078965076847,148.6139042846043,145.61609888050918,2.997805404095118,1.6592973769817168,155.56723656273138,136.30547941886212,88.6821630217356,94.72287518783152,2.856905636145541,3.7307669114454916,54172400
2022-07-25 00:00:00-04:00,aapl,153.30758929375963,154.3328904784987,151.58548369063433,152.25242614746094,53623900,-0.6882654349725962,70.73172092722187,145.344571685791,5.623518216949405,156.59160811968982,134.0975352518922,149.17367750818948,146.10857329212257,3.0651042160669135,1.9404587479780784,155.56723656273138,140.436553613919,78.09212957217756,88.5564380773108,2.747406787864378,3.594248592458478,548500
2022-07-26 00:00:00-04:00,aapl,151.56557822986622,152.39179464911086,150.1122453973233,150.90859985351562,55138700,-0.4334614653428844,65.8048687905058,145.83930511474608,5.657616781849064,157.1545386784442,134.52407155104797,149.4405888921391,146.46472987373588,2.975859018403213,2.147538803936405,155.56723656273138,141.4718062891649,66.94931180673345,77.90786813354887,2.2795492517875573,3.5409215206194267,-54590200
2022-07-27 00:00:00-04:00,aapl,151.88411487185436,156.61245106915064,151.46603223079703,156.0749053955078,78620700,2.759202650777038,67.86449658356176,146.802392578125,5.679646596158825,158.16168577044266,135.44309938580733,150.46125379111746,147.17770512602826,3.2835486650891994,2.3747407778112257,156.61245106915064,141.4718062891649,96.44965137578949,80.4970309182335,5.703851215635012,3.690235716887447,24030500
2022-07-28 00:00:00-04:00,aapl,156.26404714882594,156.92104069055887,153.70577620848624,156.6323699951172,81378700,0.2357054312950558,67.72091734088755,147.7042610168457,5.739563403519533,159.18338782388474,136.22513420980664,151.41065693065278,147.87906206474244,3.5315948659103356,2.6061115967705932,156.92104069055887,141.4718062891649,98.13148866835994,87.17681728362761,3.2152644820726266,3.73858511329822,105409200
2022-07-29 00:00:00-04:00,aapl,160.5046172769359,162.88371628623167,158.7725476526149,161.76881408691406,101786900,0.7876389049898199,77.4938204885983,148.98787994384764,5.876024717450554,160.73992937874874,137.23583050894655,153.00422048843558,148.9093082034534,4.094912284982172,2.9038717357920394,162.88371628623167,141.4718062891649,94.79307451100652,96.45807151838532,6.251346291114487,3.9533144584966187,207196100
2022-08-01 00:00:00-04:00,aapl,160.27565687493305,162.84389178157582,160.15620903389734,160.77337646484375,67829400,0.31053972862459345,74.3845816530958,150.11173095703126,5.873016303091718,161.8577635632147,138.36569835084782,154.19947583688128,149.7892159281416,4.410259908739675,3.205149371497905,162.88371628623167,141.4718062891649,90.14408419577225,94.3562157917129,2.6876827476784797,3.8907426513075336,139366700
2022-08-02 00:00:00-04:00,aapl,159.36981346933962,161.66927546804612,158.9019558552344,159.28021240234375,59907000,-0.05622210696325272,71.85433366617877,151.03002319335937,5.794545699875574,162.6191145931105,139.44093179360823,154.9811279387018,150.4930584256016,4.488069513100214,3.4617334005789537,162.88371628623167,142.5966680044357,82.23741653377228,89.05819174685034,2.7673196128117183,3.7805331010541994,79459700
2022-08-03 00:00:00-04:00,aapl,160.10644750185358,165.83022326719026,160.01686161354272,165.37232971191406,82507500,3.2889882276599254,74.28497591502257,152.18523178100585,6.241625015121275,164.6684818112484,139.7019817507633,156.5797749234899,151.5963961528861,4.983378770603821,3.76606247530562,165.83022326719026,146.03092339378097,97.68732451044313,90.02294174666254,6.550010864846513,3.843105269558052,161967200
2022-08-04 00:00:00-04:00,aapl,165.25285677560203,166.4274829346168,163.68006101069574,165.05377197265625,55474100,-0.12047283588937599,72.35565577983806,153.1537940979004,6.667879225550275,166.48955254900096,139.81803564679984,157.88346716234466,152.59421810463684,5.289249057707821,4.070699792363999,166.4274829346168,146.03092339378097,93.26498687580009,91.06324264000517,2.7474219239210527,3.8502159978194794,106493100
2022-08-05 00:00:00-04:00,aapl,162.69131039105352,165.32291962127968,162.48197109772286,164.8245086669922,56697000,1.3111937391193162,78.82201697167822,154.0765510559082,6.950574407971839,167.97769987185188,140.1754022399645,158.95131996845322,153.50098957055698,5.450330397896238,4.3466259138892225,166.4274829346168,146.2399822315664,92.05957046786685,94.33729395137003,2.8409485235568184,3.7068695285772577,49796100
2022-08-08 00:00:00-04:00,aapl,165.84125642570908,167.2766824108495,163.6781547045971,164.3460235595703,60276900,-0.9016048831061375,74.59615137771692,155.08338928222656,6.904321136555004,168.89203155533656,141.27474700911657,159.78127454263344,154.30500193627262,5.476272606360823,4.5725552526578594,167.2766824108495,149.68418962162576,83.3414236038547,89.55532698250721,3.598527706252412,3.6567436780491045,-10480800
2022-08-09 00:00:00-04:00,aapl,163.49874035334892,165.29302290382194,162.7311831936446,164.3958740234375,63135500,0.5487098360205823,72.70078807134023,156.04344482421874,6.790964081000925,169.62537298622058,142.4615166622169,160.49121305135554,155.05305674892634,5.438156302429206,4.745675462780286,167.2766824108495,150.1122453973233,83.21641202014479,86.20580203062211,2.5618397101773382,3.6015374116511145,52654700
2022-08-10 00:00:00-04:00,aapl,167.14709345439704,168.80182150404417,166.3695735679933,168.7021484375,70170500,0.9303511960423233,74.61925489269886,157.2372299194336,6.813863342196904,170.8649566038274,143.60950323503977,161.7544340712939,156.06483045587774,5.689603615416161,4.93446109345416,168.80182150404417,150.1122453973233,99.46669166825926,88.67484243075292,4.40594748060667,3.658144445319329,122825200
2022-08-11 00:00:00-04:00,aapl,169.51953129530312,170.4465835793945,167.65547919403863,167.95452880859375,57149200,-0.9231989227147753,75.96704272901697,158.24531326293945,6.834454922428164,171.91422310779578,144.57640341808312,162.70829492233753,156.94613752044566,5.762157401891869,5.100000355244609,170.4465835793945,150.1122453973233,87.74459857760205,90.14256742200202,2.7911043853558795,3.6534443559772103,65676000
2022-08-12 00:00:00-04:00,aapl,169.28030209789867,171.6228244331093,168.86162351548464,171.5530548095703,68039400,1.3425972682617604,81.6265460899065,159.34871139526368,7.121097159081983,173.59090571342765,145.1065170770997,164.06902736022064,158.0288009898775,6.0402263703431345,5.288045558357834,171.6228244331093,150.1122453973233,99.6756497190387,95.62897998829999,3.6682956245155367,3.7192221300237214,133715400
2022-08-15 00:00:00-04:00,aapl,170.97489665354067,172.83894874040908,170.80543875567037,172.63958740234375,54091700,0.9736462962608893,85.91181424810627,160.66072845458984,7.026346776898206,174.71342200838626,146.60803490079343,165.3875751799798,159.11170159712154,6.275873582858253,5.485611163336521,172.83894874040908,151.46603223079703,99.06722445682287,95.49582425115454,2.033509984738714,3.70164789666309,187807100
2022-08-16 00:00:00-04:00,aapl,172.23089704903782,173.15794938128357,171.1144613210219,172.4801025390625,56377100,0.14469267378531064,82.48654012460017,161.76916732788087,7.056300470381174,175.8817682686432,147.65656638711852,166.47873331993088,160.10247886785243,6.376254452078456,5.663739821141603,173.15794938128357,153.70577620848624,96.5153156092143,98.41939659502528,2.043488060261666,3.4401933855649935,131430000
2022-08-17 00:00:00-04:00,aapl,172.2209279685229,175.59017572668876,172.02156662589755,173.99526977539062,79542000,1.030270727139525,83.12654985714677,162.85183029174806,7.193561681092101,177.23895365393227,148.46470692956385,167.63512361980838,161.13207998603826,6.503043633770119,5.831600583710049,175.59017572668876,158.7725476526149,90.51646317617855,95.3663344140719,3.568609100791207,3.4654322869020353,210972000
2022-08-18 00:00:00-04:00,aapl,173.19780442533812,174.34414352158925,172.5698017635806,173.59652709960938,62290100,0.23021231452338412,77.54574071060058,163.79958267211913,7.302750820157449,178.40508431243404,149.19408103180422,168.55226266767716,162.05579227961476,6.4964703880623915,5.964574544607604,175.59017572668876,158.9019558552344,88.05355728510283,91.69511202349855,1.7743417580086316,3.1456462488230454,148681900
2022-08-19 00:00:00-04:00,aapl,172.48007951633136,173.18782970606085,170.76554475699484,170.97488403320312,70346300,-0.8726778694380837,72.0855559857345,164.67896575927733,7.037024752210946,178.7530152636992,150.60491625485545,168.92497366451775,162.7167439513477,6.208229713170056,6.013305578328036,175.59017572668876,158.9019558552344,72.34401434643001,83.63801160257047,2.830982342614533,3.155881934175621,78335600
2022-08-22 00:00:00-04:00,aapl,169.1507025276566,169.32016041728946,166.608803762575,167.03744506835938,69026800,-1.2493341308775783,65.18661464836865,165.41821670532227,6.411701180794052,178.24161906691037,152.59481434373416,168.63458463816806,163.03692067217938,5.597663965988687,5.930177255849329,175.59017572668876,160.01686161354272,45.08085693134714,68.49280952096,4.366080270628117,3.270079124019649,9308800
2022-08-23 00:00:00-04:00,aapl,166.54899964951426,168.17382416280793,166.12035833661523,166.69851684570312,54147100,0.08977369813298866,53.35123992754077,166.20771255493165,5.427670053271095,177.06305266147385,155.35237244838945,168.3367280446822,163.30824793277714,5.028480111905054,5.749837827041666,175.59017572668876,162.48197109772286,32.16722554561544,49.86403227446419,2.0534658261927063,2.9488973355443773,-44838300
2022-08-24 00:00:00-04:00,aapl,166.7882497685939,167.57573238726073,165.72164302084133,166.99757385253906,53841500,0.12550289617859653,54.91678187750829,166.75384597778321,4.8759199270476,176.50568583187842,157.002006123688,168.13070431694388,163.58162267988115,4.549081637062727,5.50968658902584,175.59017572668876,162.48197109772286,34.44867457163305,37.232252349531876,1.8540893664194016,2.885087867151402,9003200
2022-08-25 00:00:00-04:00,aapl,168.2435966662045,169.5992750392858,167.8149705562579,169.4896240234375,51218200,0.7406090822613141,60.588192513220825,167.3967086791992,4.282719647205125,175.96214797360946,158.83126938478895,168.339768892214,164.01938784901247,4.320381043201536,5.271825479845102,175.59017572668876,162.7311831936446,52.55808969812779,39.72466327179209,2.6017011867467374,2.867998771664968,60221400
2022-08-26 00:00:00-04:00,aapl,170.02793097342192,170.5064012608413,163.04019921887524,163.10000610351562,78961000,-4.074580470540006,47.770265141275615,167.4632682800293,4.200199969095077,175.86366821821946,159.06286834183913,167.53365152366183,163.9512659824986,3.5823855411632337,4.933937492090685,175.59017572668876,162.7311831936446,2.8682100010809726,29.958324756947267,7.466202041966056,3.1442612242159425,-18739600
2022-08-29 00:00:00-04:00,aapl,160.6378312345791,162.3822694307176,159.31207159057254,160.8671112060547,73314000,0.1427309928884526,44.14293348461786,167.46795501708985,4.192387287270712,175.85272959163126,159.08318044254844,166.5080299186339,163.7227494587378,2.785280459896086,4.504206085633408,175.59017572668876,159.31207159057254,9.55295286526629,21.659750854825017,3.7879345129430817,3.231839424413496,-92053600
2022-08-30 00:00:00-04:00,aapl,161.61473592526198,162.04336203180168,157.21874779341434,158.40496826171875,77906200,-1.9860612617822022,31.794136880931163,167.4241928100586,4.285878951494021,175.99595071304665,158.85243490707055,165.2614050301312,163.32874297109979,1.9326620590314008,3.98989728029543,175.59017572668876,157.21874779341434,6.456876801372225,6.292679889239829,4.8246142383873405,3.261744192826401,-169959800
2022-08-31 00:00:00-04:00,aapl,159.80051286736014,160.06965903336808,156.64058933856774,156.7203369140625,87991100,-1.9275131837995358,30.77446943631459,166.99159317016603,4.896969789414617,176.78553274899525,157.1976535913368,163.94739453449637,162.83912006589395,1.108274468602417,3.41357271794107,175.59017572668876,156.64058933856774,0.4208407184272669,5.476890128355262,3.429069694800347,3.3073131435010055,-257950900
2022-09-01 00:00:00-04:00,aapl,156.14218035699346,157.91652210568583,154.17844001541343,157.45799255371094,74229900,0.8427013083262223,23.260227434570012,166.61180419921874,5.330525528164426,177.2728552555476,155.95075314288988,162.9490249885505,162.44043407850194,0.5085909100485537,2.832576356349859,175.59017572668876,154.17844001541343,15.316612265910374,7.398109928569955,3.7380820902723997,3.312297891055067,-183721000
2022-09-02 00:00:00-04:00,aapl,159.24230009428894,159.85036206769303,154.47749258215669,155.3148193359375,76957800,-2.4663552058880938,18.400023601263328,166.136319732666,5.892820242709585,177.9219602180852,154.35067924724683,161.77453180083273,161.91250783556058,-0.13797603472784203,2.2384658781239226,175.59017572668876,154.17844001541343,5.307273244203452,7.01490874284703,5.3728694855363415,3.550823569683469,-260678800
2022-09-06 00:00:00-04:00,aapl,155.97273166917228,156.5907564106234,153.20156786613572,154.0388946533203,73714800,-1.2398558357968306,17.6799678661761,165.6209632873535,6.4791648490955325,178.57929298554455,152.66263358916245,160.5844337692279,161.3291719222603,-0.7447381530323867,1.6418250718843088,175.59017572668876,153.20156786613572,3.739968078407849,8.121284529507223,3.389188544487695,3.646945032842471,-334393600
2022-09-07 00:00:00-04:00,aapl,154.32797907277038,156.17209052389492,153.12181784049147,155.46435546875,87449600,0.736338545225029,17.42030537578563,165.17438735961915,6.8643978659727996,178.90318309156476,151.44559162767354,159.79672941031777,160.89466844504915,-1.0979390347313824,1.0938722505550342,174.34414352158925,153.12181784049147,11.038081610183607,6.6951076442649695,3.050272683403449,3.60992100302906,-246944000
2022-09-08 00:00:00-04:00,aapl,154.14853685064924,155.86307172260464,152.19475924878316,153.9691162109375,84923800,-0.11639464335984756,16.773589603970123,164.437735748291,7.245830360132303,178.9293964685556,149.9460750280264,158.90017352868387,160.3815851650254,-1.4814116363415337,0.5788154731711064,173.18782970606085,152.19475924878316,8.452107878955955,7.743385855849137,3.668312473821487,3.745204625587121,-331867800
2022-09-09 00:00:00-04:00,aapl,154.97590225915687,157.31843981204372,154.25818927317857,156.86985778808594,68028800,1.222096791384974,26.345720700549094,163.8835021972656,7.385264636809265,178.65403147088415,149.11297292364708,158.5878172594827,160.121419927617,-1.5336026681343071,0.1563318449069957,170.5064012608413,152.19475924878316,25.53074451883805,15.006978002659205,3.349323601106221,3.78222900119367,-263839000
2022-09-12 00:00:00-04:00,aapl,159.0828062403022,163.73796277204346,158.79373457661734,162.9105987548828,104956000,2.406163560377822,43.53528906991364,163.45137939453124,7.162366717271288,177.7761128290738,149.12664595998868,159.25286056901987,160.32805318523017,-1.0751926162103018,-0.08997304731787603,170.5064012608413,152.19475924878316,58.51927150521683,30.83404130100361,6.868104983957522,3.9609450521457705,-158883000
2022-09-13 00:00:00-04:00,aapl,159.39181237199492,160.0297777661592,152.88256671878463,153.35107421875,122656600,-3.7898672857466496,33.77757155213726,162.48695373535156,7.158657269231995,176.80426827381555,148.16963919688757,158.34489343526033,159.81117642349847,-1.4662829882381345,-0.36523503550319036,170.5064012608413,152.19475924878316,6.314643816242225,30.121553280099032,10.028032036098182,4.530556924281876,-281539600
2022-09-14 00:00:00-04:00,aapl,154.2980546051442,156.60072596178833,153.1218120686851,154.81640625,87965400,0.3359417888853479,35.60320273081169,161.60376892089843,6.947377662984351,175.49852424686713,147.70901359492973,157.80204925142084,159.44115135292716,-1.6391021015063245,-0.6200084487047521,170.5064012608413,152.19475924878316,14.316831879361223,26.383582400273422,3.4789138931032255,4.646615819045006,-193574200
2022-09-15 00:00:00-04:00,aapl,154.15851030228137,154.7466468195456,150.89891343873475,151.88575744628906,90481100,-1.4742960680768036,29.407661500050153,160.49829330444337,6.6233399043111465,173.74497311306567,147.25161349582106,156.89185051005336,158.88143358710323,-1.989583077049872,-0.89392337437458,170.5064012608413,150.89891343873475,5.032995641806234,8.55482377913656,3.917492811265248,4.740600935082043,-284055300
2022-09-16 00:00:00-04:00,aapl,150.7294582803001,150.86901274908078,147.89847229742568,150.2210693359375,162278800,-0.33728572381463834,33.06240969658052,159.32952041625975,6.241798833735895,171.81311808373155,146.84592274878796,155.86557648124707,158.23986255002887,-2.3742860687817995,-1.189995913256719,163.73796277204346,147.89847229742568,14.663331767102584,11.337719762756683,3.9872851488633785,4.492106871288994,-446334100
2022-09-19 00:00:00-04:00,aapl,148.83547674696527,154.06879176738062,148.62615266391398,153.98904418945312,81474200,3.4625934321085414,41.305445599746626,158.48022842407227,5.706511773192421,169.8932519704571,147.06720487768743,155.57687920510583,157.92495867761502,-2.3480794725091982,-1.4216126251076502,163.73796277204346,147.89847229742568,38.45181700628166,19.382714805063493,5.442639103466632,4.61030005632639,-364859900
2022-09-20 00:00:00-04:00,aapl,152.91247523626416,157.57760969437513,152.59350013373685,156.40135192871094,107689800,2.2816167791778517,47.4640363979502,157.94842376708985,5.351638719298621,168.6517012056871,147.2451463284926,155.70372116276224,157.81208948049576,-2.1083683177335217,-1.5589637636330307,163.73796277204346,147.89847229742568,53.68152242593168,35.59889039977198,4.984109560638274,4.621692579344314,-257170100
2022-09-21 00:00:00-04:00,aapl,156.83995090867316,158.2355106664936,153.11184681301395,153.23146057128906,101696800,-2.3007469184208666,45.74416245544481,157.27507095336915,5.030319835637001,167.33571062464316,147.21443128209515,155.32337337900532,157.47275736277004,-2.1493839837647215,-1.6770478076595108,163.73796277204346,147.89847229742568,33.668938293244366,41.93409257515257,5.1236638534796555,4.742735019249979,-358866900
2022-09-22 00:00:00-04:00,aapl,151.8957363785512,153.97909064157614,150.430406868503,152.2545928955078,86652500,0.23625186954707314,43.689562212800226,156.53792190551758,4.5916892789690555,165.7213004634557,147.35454334757947,154.8512533041449,157.0861989493906,-2.2349456452456877,-1.7886273751768533,163.73796277204346,147.89847229742568,27.501645997152863,38.28403557210964,3.5486837730731224,4.72920656802146,-445519400
2022-09-23 00:00:00-04:00,aapl,150.7095139768919,150.98862290777714,148.08786736504575,149.95191955566406,96029900,-0.5026851996510393,43.52119244729308,155.5610366821289,3.6787536695607606,162.91854402125043,148.20352934300738,154.0975096498892,156.55769872780976,-2.4601890779205746,-1.9229397157257009,163.73796277204346,147.89847229742568,12.964099202111049,24.711561164169424,4.16672553046206,4.643053428373297,-541549300
2022-09-26 00:00:00-04:00,aapl,149.1843748192646,153.2813135908713,149.16443412163147,150.2908477783203,93339400,0.7416815336030927,45.36717870024798,154.92057876586915,3.401752233931142,161.72408323373145,148.11707429800686,153.5118693615326,156.09345901325688,-2.581589651724272,-2.054669702925496,163.73796277204346,147.89847229742568,15.103866407371664,18.523203868878525,4.116879469239819,4.6950313515698765,-448209900
2022-09-27 00:00:00-04:00,aapl,152.25459117131524,154.22829438707754,149.4734493938222,151.27769470214844,84442700,-0.6416203686545056,44.768296575502056,154.44110794067382,3.1886142655533454,160.8183364717805,148.06387940956714,153.16815018295577,155.7367154289338,-2.5685652459780215,-2.1574488115360517,163.73796277204346,147.89847229742568,21.33416103338575,16.467375547622822,4.754844993255347,4.816786516559298,-363767200
2022-09-28 00:00:00-04:00,aapl,147.17077972632435,150.1612453251066,144.37967545873536,149.36378479003906,146691400,1.4901090201416158,44.304713266565805,153.98904876708986,3.2375903121571565,160.46422939140416,147.51386814277555,152.5828631991275,155.26462161631505,-2.6817584171875524,-2.262310732666393,163.73796277204346,144.37967545873536,25.74664406327574,20.728223834677717,6.898019243413074,5.0474798572444115,-510458600
2022-09-29 00:00:00-04:00,aapl,145.63568141888646,146.2537061115344,140.2328934936872,142.0271759033203,128138200,-2.4777619608117476,33.459223234934015,153.25439071655273,4.129418513932207,161.51322774441715,144.99555368868832,150.9589113067544,154.28402223805506,-3.3251109313006566,-2.4748707723933125,163.73796277204346,140.2328934936872,7.63359762264271,18.238134239768065,9.130891296351876,5.460448978333387,-638596800
2022-09-30 00:00:00-04:00,aapl,140.83098574088635,142.64520875716596,137.561411382814,137.76077270507812,124925300,-2.1800692650529903,20.818861258226917,152.2695297241211,5.266441698912164,162.80241312194542,141.73664632629678,148.92842844420642,153.06002253228337,-4.131594088076952,-2.806215435530124,160.0297777661592,137.561411382814,0.8872978073382141,11.422513164418888,5.083797374351974,5.332998434790134,-763522100
2022-10-03 00:00:00-04:00,aapl,137.77076859618012,142.61532388841903,137.25241692256682,141.99728393554688,114311700,3.0677881690237894,34.96966793090688,151.60365295410156,5.68631858733513,162.97629012877184,140.2310157794313,147.86209851946325,152.24052613445912,-4.378427614995871,-3.1206578714233366,158.2355106664936,137.25241692256682,22.61280948789249,10.377901639291139,5.362906965852204,4.999775215486849,-649210400
2022-10-04 00:00:00-04:00,aapl,144.56907445151867,145.7552949093355,143.80151735346757,145.63568115234375,87830100,0.7377834470281288,38.5076185724622,151.18349227905273,5.806102723553261,162.79569772615926,139.5712868319462,147.51957277058486,151.75125940797372,-4.2316866373888615,-3.342863624616477,158.2355106664936,137.25241692256682,39.952469984095295,21.150859093108668,3.758010973788629,5.019710721250092,-561380300
2022-10-05 00:00:00-04:00,aapl,143.6121412134977,146.91161933271053,142.55549720239884,145.93472290039062,79471000,1.6172599804358594,42.025104520375905,150.70701065063477,5.827289897270016,162.3615904451748,139.05243085609473,147.27574971357723,151.32038939978224,-4.0446396862050165,-3.4832188369342036,158.2355106664936,137.25241692256682,41.37762564367684,34.647635038554874,4.3561221303116895,5.051041386896267,-481909300
2022-10-06 00:00:00-04:00,aapl,145.34660115048433,147.07109880642605,144.75847987046598,144.96780395507812,68402200,-0.26061647978546143,42.82601121572602,150.2569450378418,5.909113492515156,162.07517202287212,138.43871805281148,146.92068113527924,150.8498118889853,-3.929130753706062,-3.5724012202885844,158.2355106664936,137.25241692256682,36.769539928993524,39.366545185588556,2.3126189359600744,4.931422371688888,-550311500
2022-10-07 00:00:00-04:00,aapl,142.08698598730314,142.6452190242337,139.00680998728507,139.644775390625,85925600,-1.7188137109871362,31.209202846406015,149.39569091796875,6.145118642510496,161.68592820298974,137.10545363294776,145.8013110205373,150.01978366509752,-4.218472644560222,-3.7016155051429225,158.2355106664936,137.25241692256682,11.401361959556636,29.849509177409,5.960993967793058,4.968447719140776,-636237100
2022-10-10 00:00:00-04:00,aapl,139.97373962402344,141.4390691411634,138.1296281001433,139.97373962402344,74899000,0.0,27.23761092594677,148.24884796142578,5.606869078877703,159.4625861191812,137.03510980367037,144.90476157479796,149.27561106894228,-4.370849494144323,-3.8354623029432116,158.2355106664936,137.25241692256682,12.9691204484289,20.380007445659686,3.309441041020108,4.848828539168049,-561338100
2022-10-11 00:00:00-04:00,aapl,139.455373857875,140.90077774102062,137.78072041326573,138.53829956054688,77033700,-0.6576113002735613,28.6129112645406,147.50820922851562,5.869608429946007,159.24742608840765,135.7689923686236,143.9253058801852,148.48023369476095,-4.554927814575763,-3.9793554052697293,154.22829438707754,137.25241692256682,7.5747639005305105,10.648415436172016,3.1200573277548926,4.705713787330566,-638371800
2022-10-12 00:00:00-04:00,aapl,138.68782736060726,139.91391396398876,137.72090895972195,137.90032958984375,70433700,-0.5678203961735637,28.898015107311068,146.66240539550782,5.978856096650886,158.6201175888096,134.70469320220604,142.99838645081172,147.69651796592356,-4.6981315151118395,-4.123110627238157,154.22829438707754,137.25241692256682,3.8166667297842753,8.12018369291456,2.1930050042668086,4.608879589558687,-708805500
2022-10-13 00:00:00-04:00,aapl,134.56099307755375,143.133652248109,133.9429531596724,142.5355682373047,113224000,5.9263646747574334,39.79706564718072,146.19489593505858,5.914138993420609,158.0231739218998,134.36661794821737,142.92718364872786,147.31421675363381,-4.387033104905953,-4.175895122771718,154.22829438707754,133.9429531596724,42.35874063594162,17.916723755418804,9.190699088436588,4.967734843699724,-595581500
2022-10-14 00:00:00-04:00,aapl,143.85136248803218,144.06070177451622,137.75081747437108,137.94021606445312,88598000,-4.109204335183712,34.79009907911258,145.5808532714844,6.108460312054319,157.79777389559302,133.36393264737575,142.15995786647832,146.61983180191464,-4.45987393543632,-4.232690885304639,154.22829438707754,133.9429531596724,19.70517951840259,21.96019562804283,6.309884300145143,5.124378045907248,-684179500
2022-10-17 00:00:00-04:00,aapl,140.6216750026474,142.44584572401777,139.82421442772264,141.95741271972656,85250900,0.9498803915214408,39.31919283765826,144.97927169799806,5.822579006369386,156.62442971073682,133.3341136852593,142.12879707466854,146.27446073375677,-4.145663659088228,-4.215285440061357,150.1612453251066,133.9429531596724,49.416174516422,37.16003155692207,4.505629659564647,5.1065769506436265,-598928600
2022-10-18 00:00:00-04:00,aapl,145.02762748233005,146.23377349496536,140.16313161639417,143.29315185546875,99136600,-1.1959622155941445,42.94978325427989,144.32386169433593,5.170431811812127,154.66472531796018,133.9829980707117,142.30792857941597,146.05361907713038,-3.7456904977144063,-4.121366451591966,147.07109880642605,133.9429531596724,71.22253932419221,46.78129778633893,6.070641878571195,5.047478567440635,-499792000
2022-10-19 00:00:00-04:00,aapl,141.23969978013898,144.4893337521676,141.05030118235993,143.40280151367188,61758300,1.5315111380865958,51.91987846072398,143.8324287414551,4.727338432494999,153.2871056064451,134.37775187646508,142.4763705693086,145.857258958786,-3.380888389477377,-3.9732708391690457,147.07109880642605,133.9429531596724,72.05776511428877,64.23215965163432,3.439032569807665,4.640917229830334,-438033700
2022-10-20 00:00:00-04:00,aapl,142.56547640821393,145.42635047441524,142.19664195183546,142.93429565429688,64522000,0.2587016544081778,58.076574190179635,143.36641387939454,4.292816775073839,151.95204742954223,134.78078032924685,142.54682058238623,145.64073982821384,-3.093919245827607,-3.797400520500756,147.07109880642605,133.9429531596724,68.48905196940639,70.58978546929579,3.2297085225797844,4.508482311846606,-502555700
2022-10-21 00:00:00-04:00,aapl,142.41593096829266,147.3801146673857,142.1966289473547,146.8019561767578,86548600,3.0797293383151474,57.58813694355776,143.20891571044922,4.091552232943044,151.3920201763353,135.02581124456313,143.20145682769396,145.7267570790458,-2.5253002513518368,-3.5429804666709703,147.3801146673857,133.9429531596724,95.69731680090318,78.74804462819945,5.183485720031001,4.495666508573663,-416007100
2022-10-24 00:00:00-04:00,aapl,146.7222094733143,149.7525411828542,145.53598904675192,148.9750213623047,75981900,1.5354266385963324,55.52984946777786,143.14312438964845,3.9807618712720068,151.10464813219247,135.18160064710443,144.0896975253491,145.96737242106607,-1.8776748957169787,-3.2099193524801697,149.7525411828542,133.9429531596724,95.0819729178937,86.42278056273442,4.21655213610228,4.528419448738924,-340025200
2022-10-25 00:00:00-04:00,aapl,149.61300086165943,152.00538263644177,148.88532510659155,151.85585021972656,74732300,1.4991005762533947,59.03283970653345,143.17203216552736,4.044531593923527,151.2610953533744,135.0829689776803,145.28449024758686,146.40356128747896,-1.1190710398921055,-2.791749689962555,152.00538263644177,133.9429531596724,99.17213563708293,96.6504751186266,3.1200575298502145,4.440129120134533,-265292900
2022-10-26 00:00:00-04:00,aapl,150.4802347559906,151.5069600554983,147.5695015382254,148.87535095214844,88194300,-1.0665080410357881,55.61604445027305,143.14761047363282,4.006472373472991,151.1605552205788,135.13466572668685,145.83693035599106,146.58665888817853,-0.7497285321874756,-2.383345458407537,152.00538263644177,133.9429531596724,82.67103720283609,92.30838191927091,4.286348681501153,4.58110981624461,-353487200
2022-10-27 00:00:00-04:00,aapl,147.5994250833106,148.57630628013624,143.67194438895876,144.33981323242188,109180200,-2.2084177150750226,56.90413277734198,143.26324234008788,4.0058060226413135,151.2748543853705,135.25163029480527,145.60660464466915,146.42022413441518,-0.8136194897460314,-2.069400264675235,152.00538263644177,133.9429531596724,57.56069573099889,79.8012895236393,5.203406563189674,4.526996430201511,-462667400
2022-10-28 00:00:00-04:00,aapl,147.72901012268744,156.9994573107125,147.35022812424057,155.24505615234375,164762400,5.0877251688170855,67.12878736275266,144.13745651245117,4.6048306311713505,153.34711777479387,134.92779525010846,147.08944333817698,147.07392173097907,0.01552160719791118,-1.6524158903006045,156.9994573107125,133.9429531596724,92.39086226222369,77.54086506535289,12.659644078290626,5.194868075720834,-297905000
2022-10-31 00:00:00-04:00,aapl,152.67325573892705,153.74982528586233,151.43719102719484,152.85267639160156,97943200,0.11751937286339124,65.718039805333,144.68022613525392,4.964969811261178,154.6101657577763,134.75028651273155,147.97609457717522,147.5019814734116,0.4741131037636137,-1.22711009148776,156.9994573107125,133.9429531596724,82.0147022638561,77.32208675235955,3.8078651251489077,5.243997204106121,-395848200
2022-11-01 00:00:00-04:00,aapl,154.5871479666608,154.95596721641758,148.65606047775864,150.1712188720703,80379300,-2.8565952297294865,62.89545379470478,144.90700302124023,5.112302659342554,155.13160833992532,134.68239770255514,148.31380600716224,147.69970440523383,0.6141016019284109,-0.8588677528045252,156.9994573107125,133.9429531596724,70.38476260793351,81.59677571133777,6.299906738658933,5.537347327991272,-476227500
2022-11-02 00:00:00-04:00,aapl,148.4766164959247,151.68638417741636,144.5391730984064,144.56907653808594,93604600,-2.631754447304513,52.09444588682813,144.838720703125,5.10697081805257,155.05266233923015,134.62477906701986,147.73769378114594,147.4678042604103,0.26988952073563155,-0.6331162980964935,156.9994573107125,137.75081747437108,35.42203044831246,62.607165106700684,7.147211079009963,5.391383898746513,-569832100
2022-11-03 00:00:00-04:00,aapl,141.60851546422614,142.34616913959746,138.30903743720913,138.43862915039062,97918500,-2.238485661292249,50.49761339351494,144.51226196289062,5.3032009748249855,155.1186639125406,133.90586001324064,146.30706845332782,146.79897170952515,-0.49190325619733244,-0.6048736897166612,156.9994573107125,138.30903743720913,0.6933590259532595,35.50005069406641,6.26003910087681,5.3878235273702035,-667750600
2022-11-04 00:00:00-04:00,aapl,141.87337223189732,142.45248981788646,134.17513508781377,138.16903686523438,140814800,-2.611015237311813,45.911773006949204,144.4384750366211,5.384138791061705,155.2067526187445,133.6701974544977,145.05506359361402,146.15971305970297,-1.1046494660889437,-0.7048288449911178,156.9994573107125,134.17513508781377,17.49844634340853,17.87127860589142,8.277354730072688,5.657232460977921,-808565400
2022-11-07 00:00:00-05:00,aapl,136.9009680696026,138.9378512618122,135.46316099956002,138.7082061767578,83374600,1.3201061560327112,44.965601176037325,144.3751983642578,5.446447901171824,155.26809416660146,133.48230256191417,144.07862399101606,145.60774621551664,-1.5291222245005827,-0.8696875208930108,156.9994573107125,134.17513508781377,19.860704053661635,12.684169807674474,3.4746902622521816,5.471807345526563,-725190800
2022-11-08 00:00:00-05:00,aapl,140.19595465754696,141.21438874188797,137.2804079000758,139.28733825683594,89908500,-0.6481045782886384,45.52722081759135,144.41265029907225,5.406628387758016,155.2259070745883,133.59939352355622,143.34150310883152,145.139565200413,-1.7980620915814711,-1.055362435030703,156.9994573107125,134.17513508781377,22.398050286432152,19.919066894500773,3.933980841812172,5.507160793526885,-635282300
2022-11-09 00:00:00-05:00,aapl,138.28885379755712,138.33878061859662,134.3848110193813,134.6643829345703,74917800,-2.6209421536552195,41.75648474291765,144.2508529663086,5.654508252597095,155.5598694715028,132.9418364611144,142.00656154355596,144.36362171003375,-2.357060166477794,-1.3157019813201212,156.9994573107125,134.17513508781377,2.1435372405744357,14.800763860222743,4.902527237454649,5.6266478445893755,-710200100
2022-11-10 00:00:00-05:00,aapl,141.0246811012293,146.64608764648438,139.2873282957614,146.64608764648438,118854000,3.986115409982706,49.866262727297716,144.45637893676758,5.663576780278033,155.78353249732365,133.1292253762115,142.7203347901624,144.53269408065856,-1.812359290496147,-1.4150334431553264,156.9994573107125,134.17513508781377,54.63887355287596,26.393487026627515,11.981704711914062,6.112234915438165,-591346100
2022-11-11 00:00:00-05:00,aapl,145.5976968693643,149.78129619085396,144.14989528403856,149.47177124023438,93979700,2.660807453806104,50.421497607996216,145.03295669555663,5.551153887239764,156.13526447003616,133.9306489210771,143.75901732094528,144.8985532905638,-1.139535969618521,-1.3599339484479656,156.9994573107125,134.17513508781377,67.01901595603177,41.26714224982738,5.631400906815401,6.213295541917674,-497366400
2022-11-14 00:00:00-05:00,aapl,148.7428903236262,150.0508907370346,147.20522958510344,148.05393981933594,73374100,-0.46318214120438467,46.69190689404468,145.3377830505371,5.540757435726477,156.41929792199005,134.25626817908415,144.41977462839137,145.13228659764732,-0.7125119692559565,-1.2304495526095638,156.9994573107125,134.17513508781377,60.807083759088,60.82165775599858,2.8456611519311537,6.193695800637741,-570740500
2022-11-15 00:00:00-05:00,aapl,151.98793316773146,153.35583964941193,148.33350938945418,149.81124877929688,89868300,-1.4321428965235197,50.83204844126743,145.6636878967285,5.605481179386775,156.87465025550205,134.45272553795496,145.24923219007061,145.47887772292123,-0.2296455328506113,-1.0302887486577732,156.9994573107125,134.17513508781377,68.5063658792725,65.44415519813076,5.301899830075996,6.266235168393087,-480872200
2022-11-16 00:00:00-05:00,aapl,148.90264936136032,149.64151144673716,147.06544294661816,148.5631561279297,64218300,-0.22799677164020135,53.98781155835875,145.9217056274414,5.614693184644324,157.15109199673006,134.69231925815276,145.7590666420497,145.70734360419286,0.05172303785684562,-0.8138863913548494,156.9994573107125,134.17513508781377,63.03810864394909,64.11718609410319,2.7458058326787125,6.090692259070876,-545090500
2022-11-17 00:00:00-05:00,aapl,146.20676578312631,151.249070299437,145.92719385120074,150.490234375,80389400,2.9297334968940536,44.59371868433252,146.29950256347655,5.657147494277585,157.6137975520317,134.9852075749214,146.48693860096606,146.06163297856628,0.425305622399776,-0.5660479886039244,154.95596721641758,134.17513508781377,78.51032714291209,70.01826722204454,5.321876448236253,5.566565999781277,-464701100
2022-11-18 00:00:00-05:00,aapl,152.07780599909802,152.46721084756112,149.74137690831932,151.05935668945312,74829600,-0.6696896387701264,47.8727798280877,146.51237258911132,5.756280397960831,158.024933385033,134.99981179318965,147.19038753765713,146.43183586607813,0.7585516715789993,-0.30112805656733954,154.95596721641758,134.17513508781377,81.24901590634113,74.26581723106743,2.725833939241795,5.489278057930769,-389871500
2022-11-21 00:00:00-05:00,aapl,149.9310789171737,150.14075023214048,147.49479635405007,147.7843475341797,58724100,-1.4318121356146063,47.208028688983966,146.45283889770508,5.735590239215672,157.9240193761364,134.98165841927374,147.2817659986607,146.5320221990097,0.7497437996509859,-0.0909536853236744,153.35583964941193,134.17513508781377,70.9526201326985,76.90398772731723,3.5645603354030584,5.2938961719839215,-448595600
2022-11-22 00:00:00-05:00,aapl,147.90417207850066,150.1906741367349,146.70598935984444,149.95103454589844,51804100,1.3839112437689676,56.845565264916495,146.35759811401368,5.656418514261472,157.67043514253663,135.04476108549073,147.69242269823604,146.78528303629213,0.9071396619439156,0.10866498412984366,153.35583964941193,134.17513508781377,82.24880064974109,78.15014556292691,3.484684776890475,5.032287150403958,-396791500
2022-11-23 00:00:00-05:00,aapl,149.22216569366014,151.5985423428866,149.11233277536326,150.83970642089844,58301400,1.0839815383452884,68.20045658071477,146.45581588745117,5.719144298625214,157.8941044847016,135.01752729020075,148.17662019403056,147.0856114228707,1.0910087711598635,0.3051337415358477,153.35583964941193,134.17513508781377,86.88195618449248,80.02779232231069,2.486209567523332,4.762727898021566,-338490100
2022-11-25 00:00:00-05:00,aapl,148.08389309478014,148.6530314202629,146.89570485921556,147.8842010498047,35195900,-0.13485061798560238,63.21648917863401,146.6330352783203,5.705022262733389,158.0430798037871,135.22299075285352,148.1316326333804,147.14476634290548,0.9868662904749215,0.44148025132366253,153.35583964941193,134.3848110193813,71.1579234509942,80.09622676174259,3.9440015616828816,4.453202671708008,-373686000
2022-11-28 00:00:00-05:00,aapl,144.9187329576504,146.41644620245273,143.16142156853874,144.00013732910156,69246000,-0.6338694865744404,56.598607719114526,146.0707893371582,5.354983608293299,156.7807565537448,135.3608221205716,147.49601797118336,146.9118303760082,0.584187595175166,0.4700217200939633,153.35583964941193,134.3848110193813,50.684264397237065,69.57471467757458,4.722779481265945,4.542351901637564,-442932000
2022-11-29 00:00:00-05:00,aapl,144.07002697444088,144.58923851402218,140.13604619898288,140.9547882080078,83763800,-2.1623087271204113,51.9587072295687,145.47589492797852,5.221124237826088,155.9181434036307,135.03364645232634,146.48967493069443,146.47056714355216,0.0191077871422749,0.37983893350362563,153.35583964941193,134.3848110193813,34.631633933789026,52.15794059400676,4.453192315039303,4.579438435439501,-526695800
2022-11-30 00:00:00-05:00,aapl,141.1844241065441,148.49327179491166,140.33572910591766,147.8043212890625,111380900,4.688829681043802,64.66784649110107,145.35755004882813,5.135213929844407,155.62797790851695,135.0871221891393,146.6919282165973,146.56936392306284,0.12256429353445242,0.328384005509791,153.35583964941193,139.2873282957614,60.53940448426399,48.618434271763356,8.157542688993999,4.811939539120884,-415314900
2022-12-01 00:00:00-05:00,aapl,147.98405441772488,148.9026500113426,146.3864875898084,148.08389282226562,71250400,0.0674656502239943,52.172599806138095,145.5332908630371,5.166855797268875,155.86700245757487,135.19957926849935,146.9060766174694,146.68155143412707,0.22452518334233673,0.3076122410763002,153.35583964941193,140.13604619898288,60.120807886183684,51.7639487680789,2.516162421534176,4.13582937552232,-344064500
2022-12-02 00:00:00-05:00,aapl,145.73748529631726,147.7743685373902,145.42794510491697,147.58465576171875,65447400,1.2674642091194142,46.93282237680101,145.9905921936035,4.903934836636387,155.79846186687627,136.18272252033074,147.0104734088924,146.7484481532376,0.2620252556548053,0.2984948439920012,153.35583964941193,140.13604619898288,56.34437172310073,59.001528031182794,2.6559477173486528,3.9232970048461238,-409511900
2022-12-05 00:00:00-05:00,aapl,147.54472505394742,150.6899167027306,145.5477741060148,146.40646362304688,68826400,-0.7714687397223821,47.3012918026198,146.40246353149413,4.5452486589909045,155.49296084947593,137.31196621351233,146.9175488264546,146.72311592996385,0.19443289649075268,0.2776824544917515,153.35583964941193,140.13604619898288,47.43203778165297,54.63240579697912,5.142142596715814,4.087331393759314,-478338300
2022-12-06 00:00:00-05:00,aapl,146.8458004465448,147.07544554770604,141.70364243300787,142.692138671875,64727200,-2.8285873767168717,39.04092663947557,146.60166015625,4.269215079378266,155.14009031500655,138.06322999749347,146.26748572574994,146.4245246306696,-0.15703890491965922,0.19073818260946934,152.46721084756112,140.13604619898288,20.728719028067076,41.50170951094025,5.371803114698167,4.0923244855180405,-543065500
2022-12-07 00:00:00-05:00,aapl,141.97323784331442,143.1514316539594,139.7865739980885,140.7251434326172,69721100,-0.8791054072279918,38.19552963756899,146.67355041503907,4.150006532997632,154.97356348103435,138.3735373490438,145.41481768065245,146.0023477333695,-0.5875300527170566,0.035084535544164124,152.46721084756112,139.7865739980885,7.401595406209606,25.18745073864321,3.3648576558709067,4.1365424728889115,-612786600
2022-12-08 00:00:00-05:00,aapl,142.14297444003518,143.3012096900115,140.8849007802157,142.43252563476562,62128300,0.20370419000384768,37.78381514550601,147.06195755004882,3.227982226333321,153.51792200271547,140.60599309738217,144.95600351974673,145.73791616971846,-0.7819126499717299,-0.12831490155901476,152.46721084756112,139.7865739980885,20.86607847923008,16.332130971168915,2.5760662573943023,3.9404131735430576,-550658300
2022-12-09 00:00:00-05:00,aapl,142.12300136097016,145.34808824881955,140.68519417953706,141.9432830810547,76097000,-0.12645263482651942,36.14568583644966,146.82681732177736,3.4251360158990165,153.67708935357538,139.97654528997933,144.49250806764022,145.4568319448202,-0.9643238771799929,-0.29551669668321046,151.5985423428866,139.7865739980885,18.258676454343767,15.508783446594478,4.662894069282487,4.078774611403107,-626755300
2022-12-12 00:00:00-05:00,aapl,142.48244994808528,144.2797088844082,140.84495074733036,144.2697296142578,70462700,1.2543858326578106,44.50002244557426,146.56671524047852,3.4112000688137982,153.3891153781061,139.74431510285092,144.45823445942753,145.36889835415352,-0.9106638947259853,-0.41854613629176546,151.5985423428866,139.7865739980885,37.9543483804176,25.69303443799714,3.4347581370778357,4.069503025808449,-556292600
2022-12-13 00:00:00-05:00,aapl,149.2720849650318,149.74136966169044,144.02010940021566,145.24822998046875,93886200,-2.6956513573892127,42.356398663746816,146.42642974853516,3.404504742774751,153.23543923408465,139.61742026298566,144.57977223189542,145.35995994813092,-0.7801877162355026,-0.49087445228051296,151.5985423428866,139.7865739980885,46.23832220804695,34.150449014269434,5.721260261474782,4.229258417564471,-462406400
2022-12-14 00:00:00-05:00,aapl,145.1284209340085,146.43642140956896,140.94480612495332,142.99168395996094,82291200,-1.4723077397907811,37.787418140027455,146.08545150756837,3.389127770671554,152.86370704891146,139.30719596622527,144.3354509592901,145.1845319522864,-0.8490809929962779,-0.562515760423666,150.6899167027306,139.7865739980885,29.3956637766495,37.86277812170468,5.491615284615648,4.4439302544996355,-544697600
2022-12-15 00:00:00-05:00,aapl,140.8948731264304,141.5838236332574,135.8226159485364,136.29190063476562,98931900,-3.2669552763175145,33.84355933248693,145.47188873291014,3.9767944431367046,153.42547761918357,137.51829984663672,143.09798167859398,144.52581801768486,-1.4278363390908737,-0.7355798761571076,150.6899167027306,135.8226159485364,3.1564888205872874,26.263491601761242,7.169068011424542,4.674292143766897,-643629500
2022-12-16 00:00:00-05:00,aapl,136.48161611453304,137.4401440456549,133.52612198326594,134.304931640625,160156900,-1.594855436120718,35.73314376273977,144.6626235961914,4.512566799643117,153.68775719547762,135.63748999690517,141.74520474967562,143.768714787064,-2.0235100373883768,-0.9931659084033615,150.6899167027306,133.52612198326594,4.537514402195977,12.363222333144249,3.914022062388966,4.616523756704256,-803786400
2022-12-19 00:00:00-05:00,aapl,134.90402599847008,134.99388513733263,131.1198105407187,132.16819763183594,79592600,-2.027981260296238,36.714946198852,143.71806564331055,5.048452679515866,153.81497100234228,133.62116028427883,140.2718190392387,142.90941665669794,-2.6375976174592495,-1.3220522502145393,150.6899167027306,131.1198105407187,5.35708433279881,4.350362518527351,3.874074596613923,4.575158205388157,-883379000
2022-12-20 00:00:00-05:00,aapl,131.18969601172026,133.04686106071304,129.69198275400117,132.0983123779297,77432800,0.6925973562193902,20.129094118213814,142.93376388549805,5.574528761179217,154.0828214078565,131.7847063631396,139.01435647596034,142.10859363143842,-3.0942371554780834,-1.6764892312672486,150.6899167027306,129.69198275400117,11.459839952845066,7.118146229279944,3.3548783067118677,4.232110749510862,-960811800
2022-12-21 00:00:00-05:00,aapl,132.77726411897868,136.60142700841098,132.5476190261614,135.24349975585938,85928000,1.857423146383525,27.9794110104515,142.1983871459961,5.570195797169797,153.3387787403357,131.0579955516565,138.43422467286786,141.60006787336775,-3.165843200499893,-1.9743600251137778,150.6899167027306,129.69198275400117,26.438396346103932,14.418440210582597,4.503114630481292,4.374035907292799,-874883800
2022-12-22 00:00:00-05:00,aapl,134.14519029767675,134.35486162199837,130.10136145210436,132.02841186523438,77852100,-1.5779756454518474,25.59519819831897,141.2578224182129,5.622217681076908,152.5022577803667,130.0133870560591,137.44871501015498,140.89105594824272,-3.4423409380877388,-2.26795620770857,150.6899167027306,129.69198275400117,11.126947617503939,16.341727972150974,5.142138303755019,4.551620949178968,-952735900
2022-12-23 00:00:00-05:00,aapl,130.7204119064058,132.21812517101014,129.44236447278556,131.6589813232422,63814900,0.7179975974283231,26.261609568735864,140.44656143188476,5.784021867239473,152.0146051663637,128.8785176974058,136.55798675062994,140.20719823909747,-3.649211488467529,-2.544207263860362,149.74136966169044,129.44236447278556,10.919829961264305,16.16172464162405,2.7757606982245875,4.382593670715309,-1016550800
2022-12-27 00:00:00-05:00,aapl,131.17971990929533,131.20967295633088,128.52377134494225,129.83177185058594,69007800,-1.0275582686420088,27.96025604080252,139.73814315795897,6.179984659471313,152.0981124769016,127.37817383901634,135.52318445831546,139.43864779335158,-3.9154633350361223,-2.8184584780955144,149.74136966169044,128.52377134494225,6.164696334227494,9.40382463766524,3.1352099782999403,4.2228370181154355,-1085558600
2022-12-28 00:00:00-05:00,aapl,129.4723179852512,130.83024529280124,125.67811560525496,125.8478546142578,85438400,-2.799411818212979,26.15232215710637,138.9827964782715,6.904235602927434,152.79126768412635,125.17432527241662,134.03467217461426,138.43192195679234,-4.397249782178079,-3.134216738912028,149.74136966169044,125.67811560525496,0.7053867635887932,5.9299710196935225,5.152129687546278,4.350499306092248,-1170997000
2022-12-29 00:00:00-05:00,aapl,127.79488144356102,130.28108338985564,127.5352832895518,129.41241455078125,75703700,1.2657260517390818,30.302105513931195,138.0632011413574,6.892256198200508,151.84771353775844,124.2786887449564,133.32355561710148,137.76381004153058,-4.440254424429099,-3.3954242760154427,149.74136966169044,125.67811560525496,15.51867813375635,7.462920410524205,4.43322877559784,4.483153771678215,-1095293300
2022-12-30 00:00:00-05:00,aapl,128.21424649852997,129.75189211151405,127.23573712704906,129.73191833496094,77034200,1.1836998445007936,31.43027128171049,137.14560241699218,6.707093564547261,150.5597895460867,123.73141528789765,132.7709960352337,137.16885488958627,-4.397858854352563,-3.5959111916828674,149.74136966169044,125.67811560525496,16.846444459251465,11.023503118865529,2.5161549844649898,4.329815265619822,-1018259100
2023-01-03 00:00:00-05:00,aapl,130.0813821153808,130.70043202714172,123.98069642634582,124.87932586669922,112117500,-3.9990782417021093,22.61699308491373,136.0103359222412,6.768456572024971,149.54724906629116,122.47342277819126,131.55689293238225,136.25851910787597,-4.701626175493715,-3.817054188445037,149.74136966169044,123.98069642634582,3.488377155921722,11.951166582976507,6.7197356007959,4.564456513028255,-1130376600
2023-01-04 00:00:00-05:00,aapl,126.6965568291842,128.46386274747897,124.88931859412936,126.16736602783205,89113600,-0.4176836487084865,23.287658650010357,134.99838104248047,6.644156968335442,148.28669497915135,121.71006710580959,130.72773494706684,135.51102606015863,-4.783291113091792,-4.010301573374389,146.43642140956896,123.98069642634582,9.737693185679412,10.024171600284193,3.5845368807797513,4.411833414407182,-1041263000
2023-01-05 00:00:00-05:00,aapl,126.93618294652792,127.5752066338182,124.56980097313728,124.82939910888672,80962700,-1.6597189144474975,23.902413890256227,134.10524406433106,6.7551618798977895,147.61556782412663,120.59492030453548,129.82029866426987,134.71979421168066,-4.899495547410794,-4.18814036818167,141.5838236332574,123.98069642634582,4.82131767023574,6.015796003945617,3.005405660680921,4.234247012697558,-1122225700
2023-01-06 00:00:00-05:00,aapl,125.81790413062512,130.09137057812316,124.6996087905207,129.42239379882812,87754700,2.864846377079046,39.49297906017477,133.5401065826416,6.644073100565647,146.8282527837729,120.25196038151032,129.759082531125,134.3273940789464,-4.568311547821423,-4.264174604109621,137.4401440456549,123.98069642634582,40.430317249242705,18.329776035052614,5.391761787602462,4.107296568138838,-1034471000
2023-01-09 00:00:00-05:00,aapl,130.2711033442867,133.20662383400455,129.6919857098399,129.9515838623047,70790800,-0.24527272263716976,43.03069609739893,132.91605949401855,6.344264393868969,145.6045882817565,120.22753070628062,129.78869812053725,134.0032599106942,-4.214561790156949,-4.254252041319087,136.60142700841098,123.98069642634582,47.310156865592795,30.85393059502374,3.784230035176421,4.098025709052228,-963680200
2023-01-10 00:00:00-05:00,aapl,130.06141596956084,131.05989149124323,127.92467896258157,130.53070068359375,63896200,0.3608177802267962,47.240919187971784,132.3454303741455,5.993114217263476,144.33165880867247,120.35920193961856,129.9028523610075,133.7460332438692,-3.8431808828617022,-4.17203780962761,136.60142700841098,123.98069642634582,51.898772536638205,46.546415550491226,3.1352125286616683,4.045249847055638,-899784000
2023-01-11 00:00:00-05:00,aapl,131.04990843469568,133.30645756371482,130.26111949898726,133.2864990234375,69458900,1.7066708519345126,51.835854099238766,131.7962688446045,5.306877724764979,142.41002429413444,121.18251339507454,130.42341338599672,133.71199366495085,-3.2885802789541287,-3.9953463034929135,136.60142700841098,123.98069642634582,73.7342623438599,57.647730582030285,3.0453380647275594,4.023139829771045,-830325100
2023-01-12 00:00:00-05:00,aapl,133.67590396354706,134.05531429097095,131.23962132138743,133.2066192626953,71379600,-0.3510615503147949,46.52353564984771,131.1941883087158,4.285101994693601,139.76439229810302,122.6239843193286,130.8515989054888,133.67455851687987,-2.82295961139107,-3.7608689650725453,134.35486162199837,123.98069642634582,88.93171317742036,71.52158268597282,2.815692969583523,3.90260971113549,-901704700
2023-01-13 00:00:00-05:00,aapl,131.82871637703568,134.7143099041903,131.45928532488415,134.55455017089844,57809700,2.067708666802734,54.605013546366386,130.7723316192627,3.382865103558099,137.5380618263789,124.00660141214651,131.42128371555182,133.73974309539327,-2.3184593798414426,-3.472387048026325,134.7143099041903,123.98069642634582,98.51159412790842,87.05918988306287,3.255024579306138,3.7678158736748557,-843895000
2023-01-17 00:00:00-05:00,aapl,134.6244491893705,137.08069030895024,133.9255194088204,135.73275756835938,63646600,0.8232593601403486,57.21356646243731,130.74437446594237,3.3368461417433966,137.41806674942916,124.07068218245558,132.08458738521455,133.88737382131336,-1.8027864360988133,-3.138466925640823,137.08069030895024,123.98069642634582,89.71043228973723,92.38457986502199,3.155170900129832,3.794916602382373,-780248400
2023-01-18 00:00:00-05:00,aapl,136.61142185723642,138.3986862545701,134.82414222437606,135.00387573242188,69672800,-1.1767289315636342,59.529061248632296,130.77932167053223,3.3794865602124236,137.53829479095708,124.02034855010739,132.53370866940028,133.97007767914326,-1.4363690097429753,-2.7980473424612535,138.3986862545701,123.98069642634582,76.45434236954011,88.22545626239526,3.5745440301940334,3.8262976060890943,-849921200
2023-01-19 00:00:00-05:00,aapl,133.87559348561894,136.0422834376098,133.56606852612407,135.06378173828125,58280400,0.8875316416729468,69.84944688738587,130.9241008758545,3.5019247344766304,137.92795034480775,123.92025140690123,132.92295067999734,134.0510928060295,-1.1281421260321451,-2.464066299175432,138.3986862545701,123.98069642634582,76.86983722404545,81.01153729444093,2.4762149114857266,3.6351608363704835,-791640800
2023-01-20 00:00:00-05:00,aapl,135.07375754109984,137.80958575653864,134.01537600269344,137.65980529785156,80223600,1.914544915184469,68.53676755039382,131.2021755218506,3.807544389669935,138.81726430119045,123.58708674251072,133.6516975442826,134.31840487727243,-0.6667073329898301,-2.1045945059383113,138.3986862545701,123.98069642634582,94.87528451939869,82.73315470432807,3.7942097538451947,3.5895166205310085,-711417200
2023-01-23 00:00:00-05:00,aapl,137.90943489209988,143.10151982010217,137.68976905735235,140.89488220214844,81760300,2.164788299208365,72.182534653009,131.48474464416503,4.300978140615684,140.0867009253964,122.88278836293367,134.76603364549274,134.80555140452287,-0.03951775903013299,-1.6915791565566756,143.10151982010217,123.98069642634582,88.45950526024795,86.73487566789736,5.4417145222506065,3.798485158944267,-629656900
2023-01-24 00:00:00-05:00,aapl,140.09609676574968,142.94175807149068,140.08611749541132,142.31271362304688,66435100,1.5822117164359926,90.11946494481137,131.99895973205565,4.93713555021692,141.8732308324895,122.12468863162181,135.92706133434723,135.36163755687093,0.5654237774762976,-1.240178569750081,143.10151982010217,124.56980097313728,95.74348065838218,93.02609014600961,2.8556405760793666,3.5224783714645147,-563221800
2023-01-25 00:00:00-05:00,aapl,140.67521532029858,142.21286091655844,138.5983844116618,141.64373779296875,65799300,0.6884812441658452,86.66034853119609,132.498197555542,5.385420043339831,143.26903764222166,121.72735746886232,136.806550020289,135.8269783632072,0.9795716570818058,-0.7962285243837035,143.10151982010217,124.56980097313728,92.13358437405728,92.11219009756246,3.7143292113850634,3.531749252222037,-629021100
2023-01-26 00:00:00-05:00,aapl,142.95173537461514,144.03009074188174,141.68366722483955,143.74053955078125,54105100,0.5517975518793059,93.24203857435589,133.19363594055176,5.896742938498425,144.9871218175486,121.4001500635549,137.87331764036472,136.41316813691645,1.4601495034482639,-0.34495291881731,144.03009074188174,124.6996087905207,98.50210050722455,95.45972184655466,2.386352948912986,3.48753120138147,-574916000
2023-01-27 00:00:00-05:00,aapl,142.94175342031997,147.0055407027821,142.86187355363052,145.70751953125,70555800,1.9348902925496518,92.31969178842652,134.18661918640137,6.255845405736203,146.69830999787376,121.67492837492897,139.0785794697317,137.10163867159088,1.9769407981408165,0.11942582457431543,147.0055407027821,127.92467896258157,93.19726127045215,94.61098205057799,4.143667149151582,3.398381584349264,-504360200
2023-01-30 00:00:00-05:00,aapl,144.73901638047855,145.32811327382328,142.63223244863647,142.78199768066406,64015300,-1.3521016991507158,79.64933659991058,134.8550983428955,6.430710229141256,147.716518801178,121.99367788461299,139.64833611756742,137.52240604012704,2.125930077440387,0.5207266751475299,147.0055407027821,127.92467896258157,77.86502999904002,89.85479725890558,3.075287082613528,3.3477428020233435,-568375500
2023-01-31 00:00:00-05:00,aapl,142.4824502012381,144.1199494049024,142.06309232127214,144.0700225830078,65874500,1.1142231057421292,80.29494891280522,135.57200355529784,6.625768835858229,148.8235412270143,122.32046588358138,140.32859557378902,138.00741470978744,2.321180864001576,0.8808175129183393,147.0055407027821,130.26111949898726,82.46867966323613,84.51032364424276,2.0568570836302627,3.270717413092529,-502501000
2023-02-01 00:00:00-05:00,aapl,143.75051679449606,146.38649146547874,141.10456285345305,145.20828247070312,77663600,1.0140942159471078,78.75726011262836,136.58845138549805,6.4562357943440825,149.5009229741862,123.67597979680988,141.07931663485272,138.54081235923616,2.5385042756165603,1.2123548654579837,147.0055407027821,131.23962132138743,88.60035885886924,82.9780228403818,5.281928612025695,3.4304738807566815,-424837400
2023-02-02 00:00:00-05:00,aapl,148.6730014512102,150.9495244580467,147.9441185747257,150.590087890625,118339000,1.2894650815561262,83.39092699117249,137.8095874786377,6.686986456983753,151.18356039260522,124.43561456467019,142.54251221266384,139.43335134563316,3.109160867030681,1.5917160657725233,150.9495244580467,131.45928532488415,98.15581243018137,89.74161698409557,5.741241987343585,3.639441667739543,-306498400
2023-02-03 00:00:00-05:00,aapl,147.80432760381535,157.14007965824945,147.60463555016733,154.26446533203125,154357300,4.37073652236495,84.75357340225347,139.2813407897949,6.91511132657516,153.11156344294523,125.4511181366446,144.34588961564344,140.53195244793142,3.8139371677120266,2.0361602861604244,157.14007965824945,133.56606852612407,87.8017605485073,91.5193106125193,9.535444108082118,4.088043062652113,-152141100
2023-02-06 00:00:00-05:00,aapl,152.33741876747337,152.86660957898343,150.5501390387279,151.49868774414062,69858300,-0.5505745273345963,76.32547673135191,140.38515548706056,7.019720798293179,154.42459708364692,126.3457138904742,145.4463200969507,141.34430325598566,4.102016840965035,2.449331597121347,157.14007965824945,133.56606852612407,76.06944409039902,87.34233902302924,3.714326293303344,4.127982733593078,-221999400
2023-02-07 00:00:00-05:00,aapl,150.4103490669821,154.99334796631518,150.4103490669821,154.4142303466797,83322600,2.6619719351323026,80.20511641800401,141.6082878112793,7.234011744787391,156.0763113008541,127.14026432170452,146.825998596909,142.31244605351253,4.513552543396457,2.8621757863763695,157.14007965824945,133.56606852612407,88.43705767214506,84.10275410368378,4.5829988993330915,4.200015224245868,-138676800
2023-02-08 00:00:00-05:00,aapl,153.645419005558,154.3443488275137,150.93954362313198,151.6884002685547,64120100,-1.273724104284899,73.88812271289156,142.66617279052736,7.074047864309131,156.81426851914563,128.51807706190908,147.57406039254678,143.0069612138094,4.567099178737379,3.203160464848572,157.14007965824945,134.01537600269344,76.4248680938883,80.31045661881079,3.4746867235477055,4.271334639393152,-202796900
2023-02-09 00:00:00-05:00,aapl,153.54556685880317,154.09473145125077,150.19068844511045,150.63999938964844,56007100,-1.89231609130508,69.51955466218759,143.5338478088379,6.925723760209988,157.38529532925787,129.6824002884179,148.04574331517782,143.57237147412576,4.473371841052057,3.457202740089269,157.14007965824945,137.68976905735235,66.58109784477575,77.14767453693636,3.904043006140313,4.279179871699946,-258804000
2023-02-10 00:00:00-05:00,aapl,149.4600067138672,151.33999633789062,149.22000122070312,151.00999450683594,57450700,1.0370585597096318,66.6453902917458,144.42401657104492,6.667835022876005,157.75968661679693,131.0883465252929,148.5017819600483,144.1233065362036,4.378475423844719,3.6414572768403595,157.14007965824945,138.5983844116618,66.93891755910683,69.98162783259029,2.1199951171875,4.041914199909725,-201353300
2023-02-13 00:00:00-05:00,aapl,150.9499969482422,154.25999450683594,150.9199981689453,153.85000610351562,62199000,1.9211720529333922,68.13680102933233,145.38878936767577,6.5597161147407155,158.5082215971572,132.26935713819435,149.3245856744279,144.84380282783678,4.480782846591126,3.8093223907905127,157.14007965824945,138.5983844116618,82.25581042629142,71.92527527672466,3.339996337890625,4.0765110400391,-139154300
2023-02-14 00:00:00-05:00,aapl,152.1199951171875,153.77000427246094,150.86000061035156,153.1999969482422,61707600,0.7099670429404726,68.17745647952803,146.26215133666992,6.366393781301823,158.99493889927356,133.52936377406627,149.92080279347627,145.46278019187503,4.458022601601243,3.939062432952659,157.14007965824945,141.10456285345305,75.4290257185304,74.87458456797621,2.9900054931640625,4.024773631594742,-200861900
2023-02-15 00:00:00-05:00,aapl,153.11000061035156,155.5,152.8800048828125,155.3300018310547,65573800,1.4499387445976104,68.21066169365841,147.27845764160156,6.091011491023394,159.46048062364835,135.09643465955477,150.75298726079603,146.19368552230083,4.559301738495208,4.063110294061169,157.14007965824945,141.10456285345305,88.71207052925575,82.13230222469252,2.6199951171875,4.041462357900065,-135288100
2023-02-16 00:00:00-05:00,aapl,153.50999450683594,156.3300018310547,153.35000610351562,153.7100067138672,68167900,0.1302926286160106,62.71303288825885,148.21076889038085,5.523587837845972,159.25794456607278,137.16359321468892,151.20791333049928,146.75045007181012,4.45746325868916,4.141980886986767,157.14007965824945,141.10456285345305,78.60952667670625,80.91687430816414,2.9799957275390625,3.958342970642028,-203456000
2023-02-17 00:00:00-05:00,aapl,152.35000610351562,153.0,150.85000610351562,152.5500030517578,59144100,0.13127465719056008,66.44000398572945,148.95527877807618,5.005842115202983,158.96696300848214,138.94359454767022,151.41438867223138,147.18004660084634,4.2343420713850435,4.160453123866422,157.14007965824945,141.10456285345305,71.3755617460443,79.56571965066877,2.8600006103515625,3.942965365480459,-262600100
2023-02-21 00:00:00-05:00,aapl,150.1999969482422,151.3000030517578,148.41000366210938,148.47999572753906,58867200,-1.1451406495672731,56.78665793752401,149.33453445434571,4.6367516648125875,158.6080377839709,140.06103112472053,150.96294360381717,147.27633913124066,3.686604472576505,4.065683393608439,157.14007965824945,141.10456285345305,45.99435717519215,65.3264818659809,4.1399993896484375,4.0917612444817575,-321467300
2023-02-22 00:00:00-05:00,aapl,148.8699951171875,149.9499969482422,147.16000366210938,148.91000366210938,51011300,0.02687482114201795,55.823655087980406,149.66439895629884,4.335823243844738,158.33604544398833,140.99275246860935,150.64710668970827,147.39735132161118,3.249755368097084,3.9024977885061682,157.14007965824945,147.16000366210938,17.534936614479047,44.968285178571826,2.7899932861328125,3.9137658640608373,-270456000
2023-02-23 00:00:00-05:00,aapl,150.08999633789062,150.33999633789062,147.24000549316406,149.39999389648438,48394200,-0.4597258033459336,47.787102924653574,150.0522117614746,3.906262380608312,157.86473652269123,142.239687000258,150.45524318305843,147.5456952193365,2.909547963721934,3.703907823549322,157.14007965824945,147.16000366210938,22.444621015324394,28.657971601665192,3.0999908447265625,3.725105068159621,-222061800
2023-02-24 00:00:00-05:00,aapl,147.11000061035156,147.19000244140625,145.72000122070312,146.7100067138672,55469600,-0.27190122685393353,35.41923502147257,150.2006851196289,3.704982929574564,157.61065097877804,142.79071926047976,149.879052957029,147.4837923658082,2.39526059122079,3.4421783770836156,156.3300018310547,145.72000122070312,9.330871217841134,16.43680961588152,3.67999267578125,3.3068585372809878,-277531400
2023-02-27 00:00:00-05:00,aapl,147.7100067138672,149.1699981689453,147.4499969482422,147.9199981689453,44998500,0.1421646777695331,42.65149421570673,150.31130905151366,3.5951671839952644,157.50164341950418,143.12097468352314,149.5776599127084,147.51610390739575,2.061556005312667,3.166053902729426,156.3300018310547,145.72000122070312,20.735125557823043,17.503539263662855,2.459991455078125,3.217263191693472,-232532900
2023-02-28 00:00:00-05:00,aapl,147.0500030517578,149.0800018310547,146.8300018310547,147.41000366210938,50547000,0.24481509886460293,34.0408458999386,150.54270935058594,3.2137487195175907,156.97020678962113,144.11521191155074,149.24417433569317,147.50824462982874,1.7359297058644358,2.8800290633564285,156.3300018310547,145.72000122070312,15.928391556899749,15.331462777521304,2.25,3.0506204131696797,-283079900
2023-03-01 00:00:00-05:00,aapl,146.8300018310547,147.22999572753906,145.00999450683594,145.30999755859375,55479000,-1.0352136848774833,35.040150366145284,150.60470809936524,3.091960352623244,156.78862880461173,144.42078739411875,148.63891636998557,147.3454115107863,1.2935048591992597,2.562724222524995,156.3300018310547,145.00999450683594,2.6502019227140137,13.10457301247893,2.4000091552734375,2.973857729721518,-338558900
2023-03-02 00:00:00-05:00,aapl,144.3800048828125,146.7100067138672,143.89999389648438,145.91000366210938,52238100,1.0597026787322206,38.667960287686896,150.63979415893556,3.0308794726567765,156.70155310424911,144.578035213622,148.2190836456969,147.23908500187187,0.9799986438250414,2.2461791067850045,156.3300018310547,143.89999389648438,16.170623351210946,11.583072276941564,2.8100128173828125,2.8957127162388394,-286320800
2023-03-03 00:00:00-05:00,aapl,148.0399932861328,151.11000061035156,147.3300018310547,151.02999877929688,70668500,2.0197282010037365,50.039040328570074,150.66178970336915,3.032095766703943,156.72598123677705,144.59759816996126,148.6515321277892,147.51989343375416,1.131638694035047,2.023271024235013,156.3300018310547,143.89999389648438,57.36122551444674,25.394016929457234,5.1999969482421875,3.1157128470284596,-215652300
2023-03-06 00:00:00-05:00,aapl,153.7899932861328,156.3000030517578,153.4600067138672,153.8300018310547,87558000,0.02601505082807137,49.96089861018569,150.64006652832032,3.006373479834479,156.65281348798928,144.62731956865136,149.44821977444545,147.9873088766404,1.4609108978050358,1.9107989989490175,156.3300018310547,143.89999389648438,79.88738210659541,51.13974365741769,5.2700042724609375,3.253570556640625,-128094300
2023-03-07 00:00:00-05:00,aapl,153.6999969482422,154.02999877929688,151.1300048828125,151.60000610351562,56182000,-1.3662920536255607,47.05450749652941,150.64513244628907,3.007981390183032,156.66109522665514,144.629169665923,149.7792638250716,148.25491608183793,1.524347743233676,1.833508747805949,156.3300018310547,143.89999389648438,61.94696131782822,66.39852297962345,2.899993896484375,3.2471411568777904,-184276300
2023-03-08 00:00:00-05:00,aapl,152.80999755859375,153.47000122070312,151.8300018310547,152.8699951171875,47204800,0.03926284899699997,45.32317626820686,150.56792068481445,2.9248101209578308,156.4175409267301,144.7183004428988,150.2547609469356,148.5967737919532,1.6579871549823793,1.7984044292412351,156.3300018310547,143.89999389648438,72.1640828221499,71.33280874885783,1.8699951171875,3.1935697283063615,-137071500
2023-03-09 00:00:00-05:00,aapl,153.55999755859375,154.5399932861328,150.22999572753906,150.58999633789062,53833600,-1.9340982468887213,44.213625499406,150.51300048828125,2.912951649251152,156.33890378678356,144.68709718977894,150.30633562246712,148.74441990798394,1.5619157144831775,1.7511066862896234,156.3000030517578,143.89999389648438,53.951592757987164,62.68754563265509,4.30999755859375,3.288569859095982,-190905100
2023-03-10 00:00:00-05:00,aapl,150.2100067138672,150.94000244140625,147.61000061035156,148.5,68524400,-1.1384106500471396,42.739319519618434,150.40600051879883,2.9471442134459656,156.30028894569077,144.5117120919069,150.02843783439525,148.72631472944252,1.3021231049527273,1.661309970022244,156.3000030517578,143.89999389648438,37.09679602582671,54.404157201987914,3.3300018310546875,3.322141374860491,-259429500
2023-03-13 00:00:00-04:00,aapl,147.80999755859375,153.13999938964844,147.6999969482422,150.47000122070312,84457100,1.7996101116603536,53.858100748385816,150.37900085449218,2.9437912271952142,156.26658330888262,144.49141840010174,150.096370663058,148.85547669289576,1.240893970162233,1.577226770050242,156.3000030517578,143.89999389648438,52.98389091450532,48.010759899439726,5.44000244140625,3.4149987357003346,-174972400
2023-03-14 00:00:00-04:00,aapl,151.27999877929688,153.39999389648438,150.10000610351562,152.58999633789062,73695900,0.8659423381572813,56.69577761662612,150.31600036621094,2.8783536170901707,156.07270760039128,144.5592931320306,150.48000538226302,149.13210777996625,1.3478976022967686,1.5313609364995475,156.3000030517578,143.89999389648438,70.08061310753624,53.38710001595609,3.29998779296875,3.4514269147600447,-101276500
2023-03-15 00:00:00-04:00,aapl,151.19000244140625,153.25,149.9199981689453,152.99000549316406,77167900,1.1905569301484762,56.55351529139641,150.30550079345704,2.8676428397273277,156.0407864729117,144.5702151140024,150.86615924547854,149.41787798310182,1.4482812623767245,1.514745001674983,156.3000030517578,143.89999389648438,73.30649101024184,65.45699834409446,3.3300018310546875,3.4678562709263394,-24108600
2023-03-16 00:00:00-04:00,aapl,152.16000366210938,156.4600067138672,151.63999938964844,155.85000610351562,76161100,2.4250804104870882,66.58201244511179,150.33150100708008,2.917520052723471,156.16654111252703,144.49646090163313,151.6329049159458,149.89433192127868,1.7385729946671233,1.5595106002734114,156.4600067138672,143.89999389648438,95.14331219863618,79.51013877213808,4.82000732421875,3.549285888671875,52052500
2023-03-17 00:00:00-04:00,aapl,156.0800018310547,156.74000549316406,154.27999877929688,155.0,98862500,-0.6919540097287488,63.0147107084735,150.39600067138673,3.008968347466194,156.41393736631912,144.37806397645434,152.15091954426182,150.272529559188,1.8783899850738237,1.623286477233494,156.74000549316406,143.89999389648438,86.44856758841236,84.96612359909679,2.4600067138671875,3.5492869785853793,-46810000
2023-03-20 00:00:00-04:00,aapl,155.07000732421875,157.82000732421875,154.14999389648438,157.39999389648438,73641400,1.5025385066205055,67.17083446545973,150.63850021362305,3.365959580767793,157.37041937515863,143.90658105208746,152.95846944460376,150.8004898836341,2.1579795609696646,1.7302250939807287,157.82000732421875,143.89999389648438,96.98266506771081,92.85818161825311,3.670013427734375,3.6507165091378346,26831400
2023-03-21 00:00:00-04:00,aapl,157.32000732421875,159.39999389648438,156.5399932861328,159.27999877929688,73938300,1.2458628043658835,74.19467194919304,151.17850036621093,3.8350759728705097,158.84865231195195,143.5083484204699,153.93101241917194,151.42860165716954,2.5024107620023983,1.8846622275850626,159.39999389648438,143.89999389648438,99.22583795362904,94.21902353658406,2.8600006103515625,3.6835730416434154,100769700
2023-03-22 00:00:00-04:00,aapl,159.3000030517578,162.13999938964844,157.80999755859375,157.8300018310547,75701800,-0.9227879425874903,70.05384219262535,151.6245002746582,4.068922155932204,159.7623445865226,143.4866559627938,154.53085694407696,151.9027794502647,2.6280774938122704,2.0333452808305044,162.13999938964844,147.3300018310547,70.89805355104329,89.03551885746106,4.3300018310546875,3.7921436854771207,25067900
2023-03-23 00:00:00-04:00,aapl,158.8300018310547,161.5500030517578,157.67999267578125,158.92999267578125,67622100,0.06295463298736305,65.36964888135779,152.10100021362305,4.343459508086438,160.78791922979593,143.41408119745017,155.20764705664683,152.42331376574293,2.784333290903902,2.183542882845184,162.13999938964844,147.61000061035156,77.90772895011541,82.67720681826258,3.8700103759765625,3.6971446446010043,92690000
2023-03-24 00:00:00-04:00,aapl,158.86000061035156,160.33999633789062,157.85000610351562,160.25,59196500,0.8749838753040159,63.253513398068776,152.7779998779297,4.5109456656114615,161.7998912091526,143.75610854670677,155.98339366331655,153.00306830416832,2.9803253591482246,2.3428993781057925,162.13999938964844,147.61000061035156,86.99243256412788,78.5994050217622,2.489990234375,3.498572213309152,151886500
2023-03-27 00:00:00-04:00,aapl,159.94000244140625,160.77000427246094,158.22000122070312,158.6699981689453,23638349,-0.7940504270819937,64.99786687624581,153.31549987792968,4.541975708646214,162.39945129522212,144.23154846063724,156.39671743341327,153.422840888457,2.9738765449562834,2.469094811475891,162.13999938964844,147.61000061035156,76.11836536664154,80.33950896029495,2.5500030517578125,3.4735728672572543,128248151
